File mappings for integration of Perl 5.6.1 into Solaris 9,,,,,,,,,
"Version 6, 30/05/2001",,,,,,,,,
,,,,,,,,,
Path,File,500503,s8,561,s9,new,,,
./,Changes5.000,X,,X,delete,,,Key,
./,Changes5.001,X,,X,delete,,,X,Present in perl distribution or Solaris source
./,Changes5.002,X,,X,delete,,,,Not present in this version
./,Changes5.003,X,,X,delete,,,distrib,Present in or to be copied into distrib subdir
./,Changes5.004,X,,X,delete,,,delete,To be deleted from 5.6.1 release during integration
./,Changes5.005,,,X,delete,X,,copy,To be copied forward from s8 to s9
./,Configure,X,,X,delete,,,arch,To be copied into sparc or 386 subdir
./,Copying,X,,X,delete,,,ignore,Ignore this file
./,EXTERN.h,X,distrib,X,distrib,,,,
./,INSTALL,X,,X,delete,,,,
./,INTERN.h,X,distrib,X,distrib,,,,
./,MANIFEST,X,,X,delete,,,,
./,Makefile,X,distrib,X,copy,
./,Makefile.SH,X,,X,delete,
./,Makefile.lib,,distrib,,copy,
./,Makefile.locns,,X,,delete,
./,Policy.sh,X,arch,X,delete,
./,Policy_sh.SH,X,,X,delete,
./,README,X,,X,delete,
./,README.Y2K,,,X,delete,X
./,README.aix,,,X,delete,X
./,README.amiga,X,,X,delete,
./,README.apollo,X,,X,delete,
./,README.beos,X,,X,delete,
./,README.bs2000,,,X,delete,X
./,README.cygwin,,,X,delete,X
./,README.cygwin32,X,,,delete,
./,README.dos,X,,X,delete,
./,README.epoc,,,X,delete,X
./,README.hpux,X,,X,delete,
./,README.hurd,X,,X,delete,
./,README.machten,,,X,delete,X
./,README.macos,,,X,delete,X
./,README.mint,X,,X,delete,
./,README.mpeix,X,,X,delete,
./,README.os2,X,,X,delete,
./,README.os390,X,,X,delete,
./,README.plan9,X,,X,delete,
./,README.qnx,X,,X,delete,
./,README.solaris,,,X,delete,X
./,README.threads,X,,X,delete,
./,README.vmesa,,,X,delete,X
./,README.vms,X,,X,delete,
./,README.vos,X,,X,delete,
./,README.win32,X,,X,delete,
./,Todo,X,,X,delete,
./,Todo-5.005,X,,,delete,
./,Todo-5.6,,,X,delete,X
./,XSUB.h,X,distrib,X,distrib,
./,XSlock.h,X,distrib,,,
./,av.c,X,distrib,X,distrib,
./,av.h,X,distrib,X,distrib,
./,bytecode.h,X,distrib,,,
./,bytecode.pl,X,,X,delete,
./,byterun.c,X,distrib,,,
./,byterun.h,X,distrib,,,
./,cc_runtime.h,X,distrib,X,distrib,
./,cflags,X,,X,,
./,cflags.SH,X,,X,,
./,config.h,X,,X,,
./,config.over,,,X,delete,X
./,config.sh,X,arch,X,arch,
./,config_h.SH,X,,X,distrib,
./,configpm,X,distrib,X,distrib,
./,configure.com,X,,X,delete,
./,configure.gnu,X,,X,delete,
./,cop.h,X,distrib,X,distrib,
./,cscope.out,X,,X,delete,
./,cv.h,X,distrib,X,distrib,
./,deb.c,X,distrib,X,distrib,
./,doio.c,X,distrib,X,distrib,
./,doop.c,X,distrib,X,distrib,
./,dosish.h,X,distrib,X,distrib,
./,dump.c,X,distrib,X,distrib,
./,ebcdic.c,X,distrib,,,
./,embed.h,X,distrib,X,distrib,
./,embed.pl,X,,X,delete,
./,embedvar.h,X,distrib,X,distrib,
./,ext.libs,X,,X,delete,
./,extra.pods,,,X,delete,X
./,fakethr.h,X,distrib,X,distrib,
./,form.h,X,distrib,X,distrib,
./,global.sym,X,,X,delete,
./,globals.c,X,distrib,X,distrib,
./,globvar.sym,,,X,delete,X
./,gv.c,X,distrib,X,distrib,
./,gv.h,X,distrib,X,distrib,
./,handy.h,X,distrib,X,distrib,
./,hv.c,X,distrib,X,distrib,
./,hv.h,X,distrib,X,distrib,
./,installhtml,X,,X,delete,
./,installman,X,,X,delete,
./,installperl,X,arch,X,ignore,
./,intrpvar.h,X,distrib,X,distrib,
./,iperlsys.h,X,distrib,X,distrib,
./,keywords.h,X,distrib,X,distrib,
./,keywords.pl,X,,X,delete,
./,makeaperl,X,,X,delete,
./,makeaperl.SH,X,,X,delete,
./,makedef.pl,,,X,delete,X
./,makedepend,X,,X,delete,
./,makedepend.SH,X,,X,delete,
./,makedir,X,,X,delete,
./,makedir.SH,X,,X,delete,
./,makefile,X,,X,delete,
./,makefile.old,X,,X,delete,
./,malloc.c,X,distrib,X,delete,
./,mg.c,X,distrib,X,distrib,
./,mg.h,X,distrib,X,distrib,
./,minimod.pl,X,distrib,X,distrib,
./,miniperl,X,,X,delete,
./,miniperlmain.c,X,distrib,X,distrib,
./,mv-if-diff,X,distrib,X,delete,
./,myconfig,X,distrib,X,delete,
./,myconfig.SH,,,X,distrib,X
./,nostdio.h,X,distrib,X,distrib,
./,objXSUB.h,X,distrib,X,distrib,
./,objpp.h,X,distrib,,,
./,op.c,X,distrib,X,distrib,
./,op.h,X,distrib,X,distrib,
./,opcode.h,X,distrib,X,distrib,
./,opcode.pl,X,,X,delete,
./,opnames.h,,,X,distrib,X
./,patchlevel.h,X,distrib,X,distrib,
./,perl,X,,X,delete,
./,perl.c,X,distrib,X,distrib,
./,perl.exp,X,,,delete,
./,perl.h,X,distrib,X,distrib,
./,perl_exp.SH,X,,,delete,
./,perlapi.c,,,X,distrib,X
./,perlapi.h,,,X,distrib,X
./,perlio.c,X,distrib,X,distrib,
./,perlio.h,X,distrib,X,distrib,
./,perlio.sym,X,,X,delete,
./,perlmain.c,X,distrib,X,delete,
./,perlsdio.h,X,distrib,X,distrib,
./,perlsfio.h,X,distrib,X,distrib,
./,perlsh,X,,X,delete,
./,perlvars.h,X,distrib,X,distrib,
./,perly.c,X,distrib,X,distrib,
./,perly.fixer,X,,X,delete,
./,perly.h,X,distrib,X,distrib,
./,perly.y,X,,X,delete,
./,perly_c.diff,X,,X,delete,
./,pp.c,X,distrib,X,distrib,
./,pp.h,X,distrib,X,distrib,
./,pp.sym,,,X,delete,X
./,pp_ctl.c,X,distrib,X,distrib,
./,pp_hot.c,X,distrib,X,distrib,
./,pp_proto.h,X,distrib,X,distrib,
./,pp_sys.c,X,distrib,X,distrib,
./,proto.h,X,distrib,X,distrib,
./,regcomp.c,X,distrib,X,distrib,
./,regcomp.h,X,distrib,X,distrib,
./,regcomp.pl,X,,X,delete,
./,regcomp.sym,X,,X,delete,
./,regexec.c,X,distrib,X,distrib
./,regexp.h,X,distrib,X,distrib
./,regnodes.h,X,distrib,X,distrib
./,req.flg,,X,,copy
./,run.c,X,distrib,X,distrib
./,scope.c,X,distrib,X,distrib
./,scope.h,X,distrib,X,distrib
./,sv.c,X,distrib,X,distrib
./,sv.h,X,distrib,X,distrib
./,taint.c,X,distrib,X,distrib
./,thrdvar.h,X,distrib,X,distrib
./,thread.h,X,distrib,X,distrib
./,thread.sym,X,,,delete
./,toke.c,X,distrib,X,distrib
./,universal.c,X,distrib,X,distrib
./,unixish.h,X,distrib,X,distrib
./,utf8.c,,,X,distrib,X
./,utf8.h,,,X,distrib,X
./,util.c,X,distrib,X,distrib,
./,util.h,X,distrib,X,distrib,
./,warnings.h,,,X,distrib,X
./,warnings.pl,,,X,delete,X
./,writemain,X,,X,,
./,writemain.SH,X,,X,distrib,
./,xsutils.c,,,X,distrib,X
./.config/,README,X,,X,delete,
./.config/,instruct,X,,X,delete,
./Porting/,Contract,X,,X,delete,
./Porting/,Glossary,X,distrib,X,distrib,
./Porting/,config.sh,X,,X,delete,
./Porting/,config_H,X,,X,delete,
./Porting/,findvars,X,,X,delete,
./Porting/,fixCORE,X,,X,delete,
./Porting/,fixvars,X,,X,delete,
./Porting/,genlog,X,,X,delete,
./Porting/,makerel,X,,X,delete,
./Porting/,p4d2p,X,,X,delete,
./Porting/,p4desc,,,X,delete,X
./Porting/,patching.pod,X,,X,delete,
./Porting/,patchls,X,,X,delete,
./Porting/,pumpkin.pod,X,,X,delete,
./Porting/,repository.pod,,,X,delete,X
./apollo/netinet/,in.h,X,,X,delete,
./beos/,nm.c,X,,X,delete,
./contrib/,Makefile,,X,,copy,
./contrib/,README,,X,,copy,
./contrib/SUNW/,README,,X,,copy,
./contrib/Solaris/,README,,X,,copy,
./contrib/Sun/Solaris/Kstat/,Kstat.pm,,X,,copy,
./contrib/Sun/Solaris/Kstat/,Kstat.xs,,X,,copy,
./contrib/Sun/Solaris/Kstat/,Makefile.PL,,X,,copy,
./contrib/Sun/Solaris/Kstat/t/,Kstat.t,,X,,copy,
./contrib/Sun/Solaris/Project/,Makefile.PL,,X,,copy,
./contrib/Sun/Solaris/Project/,Project.pm,,X,,copy,
./contrib/Sun/Solaris/Project/,Project.xs,,X,,copy,
./contrib/Sun/Solaris/Project/,typemap,,X,,copy,
./contrib/Sun/Solaris/Project/t/,Project.t,,X,,copy,
./contrib/Sun/Solaris/Utils/,Makefile.PL,,X,,copy,
./contrib/Sun/Solaris/Utils/,Utils.pm,,X,,copy,
./contrib/Sun/Solaris/Utils/,Utils.xs,,X,,copy,
./contrib/Sun/Solaris/Utils/t/,gmatch.t,,X,,copy,
./cygwin/,Makefile.SHs,,,X,delete,X
./cygwin/,cygwin.c,,,X,delete,X
./cygwin/,ld2.in,,,X,delete,X
./cygwin/,perlld.in,,,X,delete,X
./cygwin32/,cw32imp.h,X,,,delete,
./cygwin32/,gcc2,X,,,delete,
./cygwin32/,ld2,X,,,delete,
./cygwin32/,perlgcc,X,,,delete,
./cygwin32/,perlld,X,,,delete,
./djgpp/,config.over,X,,X,delete,
./djgpp/,configure.bat,X,,X,delete,
./djgpp/,djgpp.c,X,,X,delete,
./djgpp/,djgppsed.sh,X,,X,delete,
./djgpp/,fixpmain,X,,X,delete,
./eg/,ADB,X,,X,delete,
./eg/,README,X,,X,delete,
./eg/,changes,X,,X,delete,
./eg/,client,X,,X,delete,
./eg/,down,X,,X,delete,
./eg/,dus,X,,X,delete
./eg/,findcp,X,,X,delete
./eg/,findtar,X,,X,delete
./eg/,muck,X,,X,delete
./eg/,muck.man,X,,X,delete
./eg/,myrup,X,,X,delete
./eg/,nih,X,,X,delete
./eg/,relink,X,,X,delete
./eg/,rename,X,,X,delete
./eg/,rmfrom,X,,X,delete
./eg/,server,X,,X,delete
./eg/,shmkill,X,,X,delete
./eg/,travesty,X,,X,delete
./eg/,unuc,X,,X,delete
./eg/,uudecode,X,,X,delete
./eg/,who,X,,X,delete
./eg/,wrapsuid,X,,X,delete,
./eg/cgi/,RunMeFirst,X,,X,delete,
./eg/cgi/,caution.xbm,X,,X,delete,
./eg/cgi/,clickable_image.cgi,X,,X,delete,
./eg/cgi/,cookie.cgi,X,,X,delete,
./eg/cgi/,crash.cgi,X,,X,delete,
./eg/cgi/,customize.cgi,X,,X,delete,
./eg/cgi/,diff_upload.cgi,X,,X,delete,
./eg/cgi/,dna.small.gif.uu,X,,,delete,
./eg/cgi/,dna_small_gif.uu,,,X,delete,X
./eg/cgi/,file_upload.cgi,X,,X,delete,
./eg/cgi/,frameset.cgi,X,,X,delete,
./eg/cgi/,index.html,X,,X,delete,
./eg/cgi/,internal_links.cgi,X,,X,delete,
./eg/cgi/,javascript.cgi,X,,X,delete,
./eg/cgi/,monty.cgi,X,,X,delete,
./eg/cgi/,multiple_forms.cgi,X,,X,delete,
./eg/cgi/,nph-clock.cgi,X,,X,delete,
./eg/cgi/,nph-multipart.cgi,X,,X,delete,
./eg/cgi/,popup.cgi,X,,X,delete,
./eg/cgi/,save_state.cgi,X,,X,delete,
./eg/cgi/,tryit.cgi,X,,X,delete,
./eg/cgi/,wilogo.gif.uu,X,,,delete,
./eg/cgi/,wilogo_gif.uu,,,X,delete,X
./eg/g/,gcp,X,,X,delete,
./eg/g/,gcp.man,X,,X,delete,
./eg/g/,ged,X,,X,delete,
./eg/g/,ghosts,X,,X,delete,
./eg/g/,gsh,X,,X,delete,
./eg/g/,gsh.man,X,,X,delete,
./eg/scan/,scan_df,X,,X,delete,
./eg/scan/,scan_last,X,,X,delete,
./eg/scan/,scan_messages,X,,X,delete,
./eg/scan/,scan_passwd,X,,X,delete,
./eg/scan/,scan_ps,X,,X,delete,
./eg/scan/,scan_sudo,X,,X,delete,
./eg/scan/,scan_suid,X,,X,delete,
./eg/scan/,scanner,X,,X,delete,
./eg/sysvipc/,README,X,,X,delete,
./eg/sysvipc/,ipcmsg,X,,X,delete,
./eg/sysvipc/,ipcsem,X,,X,delete,
./eg/sysvipc/,ipcshm,X,,X,delete,
./eg/van/,empty,X,,X,delete,
./eg/van/,unvanish,X,,X,delete,
./eg/van/,vanexp,X,,X,delete,
./eg/van/,vanish,X,,X,delete,
./emacs/,cperl-mode.el,X,,X,delete,
./emacs/,e2ctags.pl,,,X,delete,X
./emacs/,ptags,X,,X,delete,
./epoc/,config.sh,,,X,delete,X
./epoc/,createpkg.pl,,,X,delete,X
./epoc/,epoc.c,,,X,delete,X
./epoc/,epoc_stubs.c,,,X,delete,X
./epoc/,epocish.c,,,X,delete,X
./epoc/,epocish.h,,,X,delete,X
./epoc/,link.pl,,,X,delete,X
./ext/B/,B.bs,X,,X,delete,
./ext/B/,B.c,X,,X,delete,
./ext/B/,B.pm,X,distrib,X,distrib,
./ext/B/,B.xs,X,distrib,X,distrib,
./ext/B/,Makefile,X,,X,delete,
./ext/B/,Makefile.PL,X,distrib,X,distrib,
./ext/B/,NOTES,X,distrib,X,delete,
./ext/B/,O.pm,X,distrib,X,distrib,
./ext/B/,README,X,distrib,X,delete,
./ext/B/,TESTS,X,distrib,X,delete,
./ext/B/,Todo,X,distrib,X,delete,
./ext/B/,byteperl.c,X,distrib,,,
./ext/B/,defsubs.h,,,X,delete,X
./ext/B/,defsubs_h.PL,,,X,distrib,X
./ext/B/,pm_to_blib,X,,X,delete,
./ext/B/,typemap,X,distrib,X,distrib,
./ext/B/B/,Asmdata.pm,X,distrib,X,distrib,
./ext/B/B/,Assembler.pm,X,distrib,X,distrib,
./ext/B/B/,Bblock.pm,X,distrib,X,distrib,
./ext/B/B/,Bytecode.pm,X,distrib,X,distrib,
./ext/B/B/,C.pm,X,distrib,X,distrib,
./ext/B/B/,CC.pm,X,distrib,X,distrib,
./ext/B/B/,Concise.pm,,,X,distrib,X
./ext/B/B/,Debug.pm,X,distrib,X,distrib,
./ext/B/B/,Deparse.pm,X,distrib,X,distrib,
./ext/B/B/,Disassembler.pm,X,distrib,X,distrib,
./ext/B/B/,Lint.pm,X,distrib,X,distrib,
./ext/B/B/,Showlex.pm,X,distrib,X,distrib,
./ext/B/B/,Stackobj.pm,X,distrib,X,distrib,
./ext/B/B/,Stash.pm,,,X,distrib,X
./ext/B/B/,Terse.pm,X,distrib,X,distrib,
./ext/B/B/,Xref.pm,X,distrib,X,distrib,
./ext/B/B/,assemble,X,distrib,X,distrib,
./ext/B/B/,cc_harness,X,distrib,X,distrib,
./ext/B/B/,disassemble,X,distrib,X,distrib,
./ext/B/B/,makeliblinks,X,distrib,X,distrib,
./ext/B/ramblings/,cc.notes,X,distrib,X,delete,
./ext/B/ramblings/,curcop.runtime,X,distrib,X,delete,
./ext/B/ramblings/,flip-flop,X,distrib,X,delete,
./ext/B/ramblings/,magic,X,distrib,X,delete,
./ext/B/ramblings/,reg.alloc,X,distrib,X,delete,
./ext/B/ramblings/,runtime.porting,X,distrib,X,delete,
./ext/ByteLoader/,ByteLoader.bs,,,X,delete,X
./ext/ByteLoader/,ByteLoader.c,,,X,delete,X
./ext/ByteLoader/,ByteLoader.pm,,,X,distrib,X
./ext/ByteLoader/,ByteLoader.xs,,,X,distrib,X
./ext/ByteLoader/,Makefile,,,X,delete,X
./ext/ByteLoader/,Makefile.PL,,,X,distrib,X
./ext/ByteLoader/,bytecode.h,,,X,distrib,X
./ext/ByteLoader/,byterun.c,,,X,distrib,X
./ext/ByteLoader/,byterun.h,,,X,distrib,X
./ext/ByteLoader/,pm_to_blib,,,X,delete,X
./ext/ByteLoader/hints/,sunos.pl,,,X,delete,X
./ext/DB_File/,Changes,X,distrib,X,delete,
./ext/DB_File/,DB_File.pm,X,distrib,X,distrib,
./ext/DB_File/,DB_File.xs,X,distrib,X,distrib,
./ext/DB_File/,DB_File_BS,X,distrib,X,delete,
./ext/DB_File/,Makefile.PL,X,distrib,X,distrib,
./ext/DB_File/,dbinfo,X,distrib,X,delete,
./ext/DB_File/,typemap,X,distrib,X,distrib,
./ext/DB_File/,version.c,,,X,distrib,X
./ext/DB_File/hints/,dynixptx.pl,X,distrib,X,delete,
./ext/DB_File/hints/,sco.pl,,,X,delete,X
./ext/Data/Dumper/,Changes,X,distrib,X,delete,
./ext/Data/Dumper/,Dumper.bs,X,,X,delete,
./ext/Data/Dumper/,Dumper.c,X,,X,delete,
./ext/Data/Dumper/,Dumper.pm,X,distrib,X,distrib,
./ext/Data/Dumper/,Dumper.xs,X,distrib,X,distrib,
./ext/Data/Dumper/,Makefile,X,,X,delete,
./ext/Data/Dumper/,Makefile.PL,X,distrib,X,distrib,
./ext/Data/Dumper/,Todo,X,distrib,X,delete,
./ext/Data/Dumper/,pm_to_blib,X,,X,delete,
./ext/Devel/DProf/,Changes,,,X,delete,X
./ext/Devel/DProf/,DProf.bs,,,X,delete,X
./ext/Devel/DProf/,DProf.c,,,X,delete,X
./ext/Devel/DProf/,DProf.pm,,,X,distrib,X
./ext/Devel/DProf/,DProf.xs,,,X,distrib,X
./ext/Devel/DProf/,Makefile,,,X,delete,X
./ext/Devel/DProf/,Makefile.PL,,,X,distrib,X
./ext/Devel/DProf/,Todo,,,X,delete,X
./ext/Devel/DProf/,pm_to_blib,,,X,delete,X
./ext/Devel/Peek/,Changes,,,X,delete,X
./ext/Devel/Peek/,Makefile,,,X,delete,X
./ext/Devel/Peek/,Makefile.PL,,,X,distrib,X
./ext/Devel/Peek/,Peek.bs,,,X,delete,X
./ext/Devel/Peek/,Peek.c,,,X,delete,X
./ext/Devel/Peek/,Peek.pm,,,X,distrib,X
./ext/Devel/Peek/,Peek.xs,,,X,distrib,X
./ext/Devel/Peek/,pm_to_blib,,,X,delete,X
./ext/DynaLoader/,DynaLoader.c,X,,X,delete,
./ext/DynaLoader/,DynaLoader.pm,X,,X,delete,
./ext/DynaLoader/,DynaLoader.xs,X,,X,delete,
./ext/DynaLoader/,DynaLoader_pm.PL,X,distrib,X,distrib,
./ext/DynaLoader/,Makefile,X,,X,delete,
./ext/DynaLoader/,Makefile.PL,X,distrib,X,distrib,
./ext/DynaLoader/,README,X,distrib,X,delete,
./ext/DynaLoader/,XSLoader.pm,,,X,delete,X
./ext/DynaLoader/,XSLoader_pm.PL,,,X,distrib,X
./ext/DynaLoader/,dl_aix.xs,X,distrib,X,delete,
./ext/DynaLoader/,dl_beos.xs,X,distrib,X,delete,
./ext/DynaLoader/,dl_cygwin32.xs,X,distrib,,,
./ext/DynaLoader/,dl_dld.xs,X,distrib,X,delete,
./ext/DynaLoader/,dl_dllload.xs,,,X,delete,X
./ext/DynaLoader/,dl_dlopen.xs,X,distrib,X,distrib,
./ext/DynaLoader/,dl_dyld.xs,,,X,delete,X
./ext/DynaLoader/,dl_hpux.xs,X,distrib,X,delete,
./ext/DynaLoader/,dl_mac.xs,,,X,delete,X
./ext/DynaLoader/,dl_mpeix.xs,X,distrib,X,delete,
./ext/DynaLoader/,dl_next.xs,X,distrib,X,delete,
./ext/DynaLoader/,dl_none.xs,X,distrib,X,delete,
./ext/DynaLoader/,dl_vmesa.xs,,,X,delete,X
./ext/DynaLoader/,dl_vms.xs,X,distrib,X,delete,
./ext/DynaLoader/,dlutils.c,X,distrib,X,distrib,
./ext/DynaLoader/,pm_to_blib,X,,X,delete,
./ext/DynaLoader/hints/,aix.pl,,,X,delete,X
./ext/DynaLoader/hints/,linux.pl,,,X,delete,X
./ext/DynaLoader/hints/,netbsd.pl,,,X,delete,X
./ext/DynaLoader/hints/,openbsd.pl,,,X,delete,X
./ext/Errno/,ChangeLog,X,distrib,X,delete,
./ext/Errno/,Errno.pm,X,,X,delete,
./ext/Errno/,Errno_pm.PL,X,distrib,X,distrib,
./ext/Errno/,Makefile,X,,X,delete,
./ext/Errno/,Makefile.PL,X,distrib,X,distrib,
./ext/Errno/,pm_to_blib,X,,X,delete,
./ext/Fcntl/,Fcntl.bs,X,,X,delete,
./ext/Fcntl/,Fcntl.c,X,,X,delete,
./ext/Fcntl/,Fcntl.pm,X,distrib,X,distrib,
./ext/Fcntl/,Fcntl.xs,X,distrib,X,distrib,
./ext/Fcntl/,Makefile,X,,X,delete,
./ext/Fcntl/,Makefile.PL,X,distrib,X,distrib,
./ext/Fcntl/,pm_to_blib,X,,X,delete,
./ext/File/Glob/,Changes,,,X,delete,X
./ext/File/Glob/,Glob.bs,,,X,delete,X
./ext/File/Glob/,Glob.c,,,X,delete,X
./ext/File/Glob/,Glob.pm,,,X,distrib,X
./ext/File/Glob/,Glob.xs,,,X,distrib,X
./ext/File/Glob/,Makefile,,,X,delete,X
./ext/File/Glob/,Makefile.PL,,,X,distrib,X
./ext/File/Glob/,TODO,,,X,delete,X
./ext/File/Glob/,bsd_glob.c,,,X,distrib,X
./ext/File/Glob/,bsd_glob.h,,,X,distrib,X
./ext/File/Glob/,pm_to_blib,,,X,delete,X
./ext/GDBM_File/,GDBM_File.pm,X,distrib,X,distrib,
./ext/GDBM_File/,GDBM_File.xs,X,distrib,X,distrib,
./ext/GDBM_File/,Makefile.PL,X,distrib,X,distrib,
./ext/GDBM_File/,typemap,X,distrib,X,distrib,
./ext/GDBM_File/hints/,sco.pl,X,distrib,X,delete,
./ext/IO/,ChangeLog,,,X,delete,X
./ext/IO/,IO.bs,X,,X,delete,
./ext/IO/,IO.c,X,,X,delete,
./ext/IO/,IO.pm,X,distrib,X,distrib,
./ext/IO/,IO.xs,X,distrib,X,distrib,
./ext/IO/,Makefile,X,,X,delete,
./ext/IO/,Makefile.PL,X,distrib,X,distrib,
./ext/IO/,README,X,distrib,X,delete,
./ext/IO/,pm_to_blib,X,,X,delete,
./ext/IO/,poll.c,,,X,delete,X
./ext/IO/,poll.h,,,X,delete,X
./ext/IO/lib/IO/,Dir.pm,,,X,distrib,X
./ext/IO/lib/IO/,File.pm,X,distrib,X,distrib,
./ext/IO/lib/IO/,Handle.pm,X,distrib,X,distrib,
./ext/IO/lib/IO/,Pipe.pm,X,distrib,X,distrib,
./ext/IO/lib/IO/,Poll.pm,,,X,distrib,X
./ext/IO/lib/IO/,Seekable.pm,X,distrib,X,distrib,
./ext/IO/lib/IO/,Select.pm,X,distrib,X,distrib,
./ext/IO/lib/IO/,Socket.pm,X,distrib,X,distrib,
./ext/IO/lib/IO/Socket/,INET.pm,,,X,distrib,X
./ext/IO/lib/IO/Socket/,UNIX.pm,,,X,distrib,X
./ext/IPC/SysV/,ChangeLog,X,distrib,X,delete,
./ext/IPC/SysV/,MANIFEST,X,distrib,X,delete,
./ext/IPC/SysV/,Makefile,X,,X,delete,
./ext/IPC/SysV/,Makefile.PL,X,distrib,X,distrib,
./ext/IPC/SysV/,Msg.pm,X,distrib,X,distrib,
./ext/IPC/SysV/,README,X,distrib,X,delete,
./ext/IPC/SysV/,Semaphore.pm,X,distrib,X,distrib,
./ext/IPC/SysV/,SysV.bs,X,,X,delete,
./ext/IPC/SysV/,SysV.c,X,,X,delete,
./ext/IPC/SysV/,SysV.pm,X,distrib,X,distrib,
./ext/IPC/SysV/,SysV.xs,X,distrib,X,distrib,
./ext/IPC/SysV/,pm_to_blib,X,,X,delete,
./ext/IPC/SysV/hints/,cygwin.pl,,,X,delete,X
./ext/IPC/SysV/hints/,next_3.pl,,,X,delete,X
./ext/IPC/SysV/t/,msg.t,X,distrib,X,distrib,
./ext/IPC/SysV/t/,sem.t,X,distrib,X,distrib,
./ext/NDBM_File/,Makefile,X,,X,delete,
./ext/NDBM_File/,Makefile.PL,X,distrib,X,distrib,
./ext/NDBM_File/,NDBM_File.bs,X,,X,delete,
./ext/NDBM_File/,NDBM_File.c,X,,X,delete,
./ext/NDBM_File/,NDBM_File.pm,X,distrib,X,distrib,
./ext/NDBM_File/,NDBM_File.xs,X,distrib,X,distrib,
./ext/NDBM_File/,pm_to_blib,X,,X,delete,
./ext/NDBM_File/,typemap,X,distrib,X,distrib,
./ext/NDBM_File/hints/,cygwin.pl,,,X,delete,X
./ext/NDBM_File/hints/,dec_osf.pl,X,distrib,X,delete,
./ext/NDBM_File/hints/,dynixptx.pl,X,distrib,X,delete,
./ext/NDBM_File/hints/,sco.pl,,,X,delete,X
./ext/NDBM_File/hints/,solaris.pl,X,distrib,X,distrib,
./ext/NDBM_File/hints/,svr4.pl,X,distrib,X,delete,
./ext/ODBM_File/,Makefile,X,,X,delete,
./ext/ODBM_File/,Makefile.PL,X,distrib,X,distrib,
./ext/ODBM_File/,ODBM_File.bs,X,,X,delete,
./ext/ODBM_File/,ODBM_File.c,X,,X,delete,
./ext/ODBM_File/,ODBM_File.pm,X,distrib,X,distrib,
./ext/ODBM_File/,ODBM_File.xs,X,distrib,X,distrib,
./ext/ODBM_File/,pm_to_blib,X,,X,delete,
./ext/ODBM_File/,typemap,X,distrib,X,distrib,
./ext/ODBM_File/hints/,cygwin.pl,,,X,delete,X
./ext/ODBM_File/hints/,dec_osf.pl,X,distrib,X,delete,
./ext/ODBM_File/hints/,hpux.pl,X,distrib,X,delete,
./ext/ODBM_File/hints/,sco.pl,X,distrib,X,delete,
./ext/ODBM_File/hints/,solaris.pl,X,distrib,X,distrib,
./ext/ODBM_File/hints/,svr4.pl,X,distrib,X,delete,
./ext/ODBM_File/hints/,ultrix.pl,X,distrib,X,delete,
./ext/Opcode/,Makefile,X,,X,delete,
./ext/Opcode/,Makefile.PL,X,distrib,X,distrib,
./ext/Opcode/,Opcode.bs,X,,X,delete,
./ext/Opcode/,Opcode.c,X,,X,delete
./ext/Opcode/,Opcode.pm,X,distrib,X,distrib
./ext/Opcode/,Opcode.xs,X,distrib,X,distrib
./ext/Opcode/,Safe.pm,X,distrib,X,distrib
./ext/Opcode/,ops.pm,X,distrib,X,distrib
./ext/Opcode/,pm_to_blib,X,,X,delete
./ext/POSIX/,Makefile,X,,X,delete
./ext/POSIX/,Makefile.PL,X,distrib,X,distrib
./ext/POSIX/,POSIX.bs,X,,X,delete
./ext/POSIX/,POSIX.c,X,,X,delete
./ext/POSIX/,POSIX.pm,X,distrib,X,distrib
./ext/POSIX/,POSIX.pod,X,distrib,X,distrib
./ext/POSIX/,POSIX.xs,X,distrib,X,distrib
./ext/POSIX/,pm_to_blib,X,,X,delete
./ext/POSIX/,typemap,X,distrib,X,distrib
./ext/POSIX/hints/,bsdos.pl,X,distrib,X,delete
./ext/POSIX/hints/,dynixptx.pl,X,distrib,X,delete,
./ext/POSIX/hints/,freebsd.pl,X,distrib,X,delete,
./ext/POSIX/hints/,linux.pl,X,distrib,X,delete,
./ext/POSIX/hints/,mint.pl,X,distrib,X,delete,
./ext/POSIX/hints/,netbsd.pl,X,distrib,X,delete,
./ext/POSIX/hints/,next_3.pl,X,distrib,X,delete,
./ext/POSIX/hints/,openbsd.pl,X,distrib,X,delete,
./ext/POSIX/hints/,sunos_4.pl,X,distrib,X,delete,
./ext/POSIX/hints/,svr4.pl,,,X,delete,X
./ext/SDBM_File/,Makefile,X,,X,delete,
./ext/SDBM_File/,Makefile.PL,X,distrib,X,distrib,
./ext/SDBM_File/,SDBM_File.bs,X,,X,delete,
./ext/SDBM_File/,SDBM_File.c,X,,X,delete,
./ext/SDBM_File/,SDBM_File.pm,X,distrib,X,distrib,
./ext/SDBM_File/,SDBM_File.xs,X,distrib,X,distrib,
./ext/SDBM_File/,pm_to_blib,X,,X,delete,
./ext/SDBM_File/,typemap,X,distrib,X,distrib
./ext/SDBM_File/sdbm/,CHANGES,X,distrib,X,delete
./ext/SDBM_File/sdbm/,COMPARE,X,distrib,X,delete
./ext/SDBM_File/sdbm/,Makefile,X,,X,delete
./ext/SDBM_File/sdbm/,Makefile.PL,X,distrib,X,distrib
./ext/SDBM_File/sdbm/,README,X,distrib,X,delete
./ext/SDBM_File/sdbm/,README.too,X,distrib,X,delete
./ext/SDBM_File/sdbm/,biblio,X,distrib,X,delete
./ext/SDBM_File/sdbm/,dba.c,X,distrib,X,delete
./ext/SDBM_File/sdbm/,dbd.c,X,distrib,X,delete
./ext/SDBM_File/sdbm/,dbe.1,X,distrib,X,delete
./ext/SDBM_File/sdbm/,dbe.c,X,distrib,X,delete
./ext/SDBM_File/sdbm/,dbm.c,X,distrib,X,delete
./ext/SDBM_File/sdbm/,dbm.h,X,distrib,X,delete
./ext/SDBM_File/sdbm/,dbu.c,X,distrib,X,delete
./ext/SDBM_File/sdbm/,grind,X,,X,delete
./ext/SDBM_File/sdbm/,hash.c,X,distrib,X,distrib
./ext/SDBM_File/sdbm/,linux.patches,X,distrib,X,delete
./ext/SDBM_File/sdbm/,makefile.sdbm,X,distrib,X,delete
./ext/SDBM_File/sdbm/,pair.c,X,distrib,X,distrib
./ext/SDBM_File/sdbm/,pair.h,X,distrib,X,distrib
./ext/SDBM_File/sdbm/,readme.ms,X,,X,delete
./ext/SDBM_File/sdbm/,sdbm.3,X,distrib,X,delete
./ext/SDBM_File/sdbm/,sdbm.c,X,distrib,X,distrib
./ext/SDBM_File/sdbm/,sdbm.h,X,distrib,X,distrib
./ext/SDBM_File/sdbm/,tune.h,X,distrib,X,distrib
./ext/SDBM_File/sdbm/,util.c,X,distrib,X,delete
./ext/Socket/,Makefile,X,,X,delete
./ext/Socket/,Makefile.PL,X,distrib,X,distrib
./ext/Socket/,Socket.bs,X,,X,delete
./ext/Socket/,Socket.c,X,,X,delete
./ext/Socket/,Socket.pm,X,distrib,X,distrib
./ext/Socket/,Socket.xs,X,distrib,X,distrib,
./ext/Socket/,pm_to_blib,X,,X,delete,
./ext/Sys/Hostname/,Hostname.bs,,,X,delete,X
./ext/Sys/Hostname/,Hostname.c,,,X,delete,X
./ext/Sys/Hostname/,Hostname.pm,,,X,distrib,X
./ext/Sys/Hostname/,Hostname.xs,,,X,distrib,X
./ext/Sys/Hostname/,Makefile,,,X,delete,X
./ext/Sys/Hostname/,Makefile.PL,,,X,distrib,X
./ext/Sys/Hostname/,pm_to_blib,,,X,delete,X
./ext/Sys/Syslog/,Makefile,,,X,delete,X
./ext/Sys/Syslog/,Makefile.PL,,,X,distrib,X
./ext/Sys/Syslog/,Syslog.bs,,,X,delete,X
./ext/Sys/Syslog/,Syslog.c,,,X,delete,X
./ext/Sys/Syslog/,Syslog.pm,,,X,distrib,X
./ext/Sys/Syslog/,Syslog.xs,,,X,distrib,X
./ext/Sys/Syslog/,pm_to_blib,,,X,delete,X
./ext/Thread/,Makefile.PL,X,distrib,X,delete
./ext/Thread/,Notes,X,distrib,X,delete
./ext/Thread/,README,X,distrib,X,delete
./ext/Thread/,Thread.pm,X,distrib,X,delete
./ext/Thread/,Thread.xs,X,distrib,X,delete
./ext/Thread/,create.t,X,distrib,X,delete
./ext/Thread/,die.t,X,distrib,X,delete
./ext/Thread/,die2.t,X,distrib,X,delete
./ext/Thread/,io.t,X,distrib,X,delete
./ext/Thread/,join.t,X,distrib,X,delete
./ext/Thread/,join2.t,X,distrib,X,delete
./ext/Thread/,list.t,X,distrib,X,delete
./ext/Thread/,lock.t,X,distrib,X,delete
./ext/Thread/,queue.t,X,distrib,X,delete
./ext/Thread/,specific.t,X,distrib,X,delete
./ext/Thread/,sync.t,X,distrib,X,delete
./ext/Thread/,sync2.t,X,distrib,X,delete
./ext/Thread/,typemap,X,distrib,X,delete
./ext/Thread/,unsync.t,X,distrib,X,delete
./ext/Thread/,unsync2.t,X,distrib,X,delete
./ext/Thread/,unsync3.t,X,distrib,X,delete
./ext/Thread/,unsync4.t,X,distrib,X,delete
./ext/Thread/Thread/,Queue.pm,X,distrib,X,delete
./ext/Thread/Thread/,Semaphore.pm,X,distrib,X,delete
./ext/Thread/Thread/,Signal.pm,X,distrib,X,delete
./ext/Thread/Thread/,Specific.pm,X,distrib,X,delete
./ext/attrs/,Makefile,X,,X,delete
./ext/attrs/,Makefile.PL,X,distrib,X,distrib
./ext/attrs/,attrs.bs,X,,X,delete
./ext/attrs/,attrs.c,X,,X,delete
./ext/attrs/,attrs.pm,X,distrib,X,distrib
./ext/attrs/,attrs.xs,X,distrib,X,distrib
./ext/attrs/,pm_to_blib,X,,X,delete,
./ext/re/,Makefile,X,distrib,X,delete,
./ext/re/,Makefile.PL,X,distrib,X,distrib,
./ext/re/,pm_to_blib,X,,X,delete,
./ext/re/,re.bs,X,,X,delete,
./ext/re/,re.c,X,,X,delete,
./ext/re/,re.pm,X,distrib,X,distrib,
./ext/re/,re.xs,X,distrib,X,distrib,
./ext/re/,re_comp.c,X,,X,delete,
./ext/re/,re_exec.c,X,,X,delete,
./ext/re/hints/,aix.pl,,,X,delete,X
./ext/re/hints/,mpeix.pl,X,distrib,X,delete,
./ext/util/,make_ext,X,distrib,X,distrib,
./ext/util/,mkbootstrap,X,distrib,X,distrib,
./h2pl/,README,X,,X,delete,
./h2pl/,cbreak.pl,X,,X,delete,
./h2pl/,cbreak2.pl,X,,X,delete
./h2pl/,getioctlsizes,X,,X,delete
./h2pl/,mksizes,X,,X,delete
./h2pl/,mkvars,X,,X,delete
./h2pl/,tcbreak,X,,X,delete
./h2pl/,tcbreak2,X,,X,delete
./h2pl/eg/,sizeof.ph,X,,X,delete
./h2pl/eg/,sysexits.pl,X,,X,delete
./h2pl/eg/sys/,errno.pl,X,,X,delete
./h2pl/eg/sys/,ioctl.pl,X,,X,delete
./hints/,3b1.sh,X,,X,delete
./hints/,3b1cc,X,,X,delete
./hints/,README.hints,X,distrib,X,distrib
./hints/,aix.sh,X,,X,delete
./hints/,altos486.sh,X,,X,delete
./hints/,amigaos.sh,X,,X,delete
./hints/,apollo.sh,X,,X,delete,
./hints/,aux_3.sh,X,,X,delete,
./hints/,beos.sh,X,,X,delete,
./hints/,broken-db.msg,X,,X,delete,
./hints/,bsdos.sh,X,,X,delete,
./hints/,convexos.sh,X,,X,delete,
./hints/,cxux.sh,X,,X,delete,
./hints/,cygwin.sh,,,X,delete,X
./hints/,cygwin32.sh,X,,,delete,
./hints/,darwin.sh,,,X,delete,X
./hints/,dcosx.sh,X,,X,delete,
./hints/,dec_osf.sh,X,,X,delete,
./hints/,dgux.sh,X,,X,delete,
./hints/,dos_djgpp.sh,X,,X,delete,
./hints/,dynix.sh,X,,X,delete,
./hints/,dynixptx.sh,X,,X,delete,
./hints/,epix.sh,X,,X,delete
./hints/,esix4.sh,X,,X,delete
./hints/,fps.sh,X,,X,delete
./hints/,freebsd.sh,X,,X,delete
./hints/,genix.sh,X,,X,delete
./hints/,gnu.sh,X,,X,delete
./hints/,greenhills.sh,X,,X,delete
./hints/,hpux.sh,X,,X,delete
./hints/,i386.sh,X,,X,delete
./hints/,irix_4.sh,X,,X,delete
./hints/,irix_5.sh,X,,X,delete
./hints/,irix_6.sh,X,,X,delete
./hints/,irix_6_0.sh,X,,X,delete
./hints/,irix_6_1.sh,X,,X,delete
./hints/,isc.sh,X,,X,delete
./hints/,isc_2.sh,X,,X,delete
./hints/,linux.sh,X,,X,delete,
./hints/,lynxos.sh,X,,X,delete,
./hints/,machten.sh,X,,X,delete,
./hints/,machten_2.sh,X,,X,delete,
./hints/,mint.sh,X,,X,delete,
./hints/,mips.sh,X,,X,delete,
./hints/,mpc.sh,X,,X,delete,
./hints/,mpeix.sh,X,,X,delete,
./hints/,ncr_tower.sh,X,,X,delete,
./hints/,netbsd.sh,X,,X,delete,
./hints/,newsos4.sh,X,,X,delete,
./hints/,next_3.sh,X,,X,delete,
./hints/,next_3_0.sh,X,,X,delete,
./hints/,next_4.sh,X,,X,delete,
./hints/,nonstopux.sh,,,X,delete,X
./hints/,openbsd.sh,X,,X,delete,
./hints/,opus.sh,X,,X,delete,
./hints/,os2.sh,X,,X,delete,
./hints/,os390.sh,X,,X,delete,
./hints/,posix-bc.sh,,,X,delete,X
./hints/,powerux.sh,X,,X,delete,
./hints/,qnx.sh,X,,X,delete,
./hints/,rhapsody.sh,,,X,delete,X
./hints/,sco.sh,X,,X,delete,
./hints/,sco_2_3_0.sh,X,,X,delete,
./hints/,sco_2_3_1.sh,X,,X,delete,
./hints/,sco_2_3_2.sh,X,,X,delete,
./hints/,sco_2_3_3.sh,X,,X,delete,
./hints/,sco_2_3_4.sh,X,,X,delete,
./hints/,solaris_2.sh,X,distrib,X,distrib,
./hints/,stellar.sh,X,,X,delete,
./hints/,sunos_4_0.sh,X,,X,delete,
./hints/,sunos_4_1.sh,X,,X,delete,
./hints/,svr4.sh,X,,X,delete,
./hints/,svr5.sh,,,X,delete,X
./hints/,ti1500.sh,X,,X,delete,
./hints/,titanos.sh,X,,X,delete,
./hints/,ultrix_4.sh,X,,X,delete,
./hints/,umips.sh,X,,X,delete,
./hints/,unicos.sh,X,,X,delete,
./hints/,unicosmk.sh,X,,X,delete,
./hints/,unisysdynix.sh,X,,X,delete,
./hints/,utekv.sh,X,,X,delete,
./hints/,uts.sh,X,,X,delete,
./hints/,uwin.sh,X,,X,delete,
./hints/,vmesa.sh,,,X,delete,X
./i386/,Policy.sh,,arch,,delete,
./i386/,config.h,,arch,,delete,
./i386/,config.sh,,arch,,ignore,
./i386/,installperl,,arch,,ignore,
./i386/,writemain,,arch,,delete,
./jpl,ChangeLog,,,X,delete,X
./jpl/,README,,,X,delete,X
./jpl,README.JUST-JNI,,,X,delete,X
./jpl/,SETVARS.PL,,,X,delete,X
./jpl/,install-jpl,,,X,delete,X
./jpl/JNI/,Changes,,,X,delete,X
./jpl/JNI/,Closer.java,,,X,delete,X
./jpl/JNI/,JNI.pm,,,X,delete,X
./jpl/JNI/,JNI.xs,,,X,delete,X
./jpl/JNI/,JNIConfig,,,X,delete,X
./jpl/JNI/,JNIConfig.Win32,,,X,delete,X
./jpl/JNI/,JNIConfig.kaffe,,,X,delete,X
./jpl/JNI/,JNIConfig.noembed,,,X,delete,X
./jpl/JNI/,JNIConfig.standard,,,X,delete,X
./jpl/JNI/,Makefile.PL,,,X,delete,X
./jpl/JNI/,test.pl,,,X,delete,X
./jpl/JNI/,typemap,,,X,delete,X
./jpl/JNI/,typemap.gcc,,,X,delete,X
./jpl/JNI/,typemap.win32,,,X,delete,X
./jpl/JPL/,AutoLoader.pm,,,X,delete,X
./jpl/JPL/,Class.pm,,,X,delete,X
./jpl/JPL/,Compile.pm,,,X,delete,X
./jpl/JPL/,Makefile.PL,,,X,delete,X
./jpl/JPL_Rolo/,JPL_Rolo.jpl,,,X,delete,X
./jpl/JPL_Rolo/,Makefile.PL,,,X,delete,X
./jpl/JPL_Rolo/,README,,,X,delete,X
./jpl/JPL_Rolo/,cardfile,,,X,delete,X
./jpl/PerlInterpreter/,Makefile.PL,,,X,delete,X
./jpl/PerlInterpreter/,PerlInterpreter.c,,,X,delete,X
./jpl/PerlInterpreter/,PerlInterpreter.h,,,X,delete,X
./jpl/PerlInterpreter/,PerlInterpreter.java,,,X,delete,X
./jpl/Sample/,Makefile.PL,,,X,delete,X
./jpl/Sample/,Sample.jpl,,,X,delete,X
./jpl/Test/,Makefile.PL,,,X,delete,X
./jpl/Test/,Test.jpl,,,X,delete,X
./jpl/bin/,jpl,,,X,delete,X
./jpl/get_jdk/,README,,,X,delete,X
./jpl/get_jdk/,get_jdk.pl,,,X,delete,X
./jpl/get_jdk/,jdk_hosts,,,X,delete,X
./lib/,.exists,X,,X,delete,
./lib/,AnyDBM_File.pm,X,distrib,X,distrib,
./lib/,AutoLoader.pm,X,distrib,X,distrib,
./lib/,AutoSplit.pm,X,distrib,X,distrib,
./lib/,B.pm,X,distrib,X,delete,
./lib/,Benchmark.pm,X,distrib,X,distrib,
./lib/,ByteLoader.pm,,,X,delete,X
./lib/,CGI.pm,X,distrib,X,distrib,
./lib/,CPAN.pm,X,distrib,X,distrib,
./lib/,Carp.pm,X,distrib,X,distrib,
./lib/,Config.pm,X,,X,delete,
./lib/,Cwd.pm,X,distrib,X,distrib,
./lib/,DB.pm,,,X,distrib,X
./lib/,DirHandle.pm,X,distrib,X,distrib,
./lib/,Dumpvalue.pm,X,distrib,X,distrib,
./lib/,DynaLoader.pm,X,,X,delete,
./lib/,English.pm,X,distrib,X,distrib,
./lib/,Env.pm,X,distrib,X,distrib,
./lib/,Errno.pm,X,distrib,X,delete,
./lib/,Exporter.pm,X,distrib,X,distrib,
./lib/,Fatal.pm,X,distrib,X,distrib,
./lib/,Fcntl.pm,X,distrib,X,delete,
./lib/,FileCache.pm,X,distrib,X,distrib
./lib/,FileHandle.pm,X,distrib,X,distrib
./lib/,FindBin.pm,X,distrib,X,distrib
./lib/,IO.pm,X,distrib,X,delete
./lib/,NDBM_File.pm,X,distrib,X,delete
./lib/,O.pm,X,distrib,X,delete
./lib/,ODBM_File.pm,X,distrib,X,delete
./lib/,Opcode.pm,X,distrib,X,delete
./lib/,POSIX.pm,X,distrib,X,delete
./lib/,POSIX.pod,X,,X,delete
./lib/,SDBM_File.pm,X,distrib,X,delete
./lib/,Safe.pm,X,distrib,X,delete
./lib/,SelectSaver.pm,X,distrib,X,distrib
./lib/,SelfLoader.pm,X,distrib,X,distrib
./lib/,Shell.pm,X,distrib,X,distrib
./lib/,Socket.pm,X,distrib,X,delete
./lib/,Symbol.pm,X,distrib,X,distrib,
./lib/,Test.pm,X,distrib,X,distrib,
./lib/,UNIVERSAL.pm,X,distrib,X,distrib,
./lib/,Win32.pod,,,X,delete,X
./lib/,XSLoader.pm,,,X,delete,X
./lib/,abbrev.pl,X,distrib,X,distrib,
./lib/,assert.pl,X,distrib,X,distrib,
./lib/,attributes.pm,,,X,distrib,X
./lib/,attrs.pm,X,distrib,X,delete,
./lib/,autouse.pm,X,distrib,X,distrib,
./lib/,base.pm,X,distrib,X,distrib,
./lib/,bigfloat.pl,X,distrib,X,distrib,
./lib/,bigint.pl,X,distrib,X,distrib,
./lib/,bigrat.pl,X,distrib,X,distrib,
./lib/,blib.pm,X,distrib,X,distrib,
./lib/,bytes.pm,,,X,distrib,X
./lib/,bytes_heavy.pl,,,X,distrib,X
./lib/,cacheout.pl,X,distrib,X,distrib,
./lib/,charnames.pm,,,X,distrib,X
./lib/,chat2.pl,X,distrib,X,distrib,
./lib/,complete.pl,X,distrib,X,distrib,
./lib/,constant.pm,X,distrib,X,distrib,
./lib/,ctime.pl,X,distrib,X,distrib,
./lib/,diagnostics.pm,X,distrib,X,distrib,
./lib/,dotsh.pl,X,distrib,X,distrib,
./lib/,dumpvar.pl,X,distrib,X,distrib,
./lib/,exceptions.pl,X,distrib,X,distrib,
./lib/,fastcwd.pl,X,distrib,X,distrib,
./lib/,fields.pm,X,distrib,X,distrib,
./lib/,filetest.pm,,,X,distrib,X
./lib/,find.pl,X,distrib,X,distrib,
./lib/,finddepth.pl,X,distrib,X,distrib,
./lib/,flush.pl,X,distrib,X,distrib,
./lib/,ftp.pl,X,distrib,X,distrib,
./lib/,getcwd.pl,X,distrib,X,distrib,
./lib/,getopt.pl,X,distrib,X,distrib,
./lib/,getopts.pl,X,distrib,X,distrib,
./lib/,hostname.pl,X,distrib,X,distrib,
./lib/,importenv.pl,X,distrib,X,distrib,
./lib/,integer.pm,X,distrib,X,distrib,
./lib/,less.pm,X,distrib,X,distrib,
./lib/,lib.pm,X,distrib,X,distrib,
./lib/,locale.pm,X,distrib,X,distrib,
./lib/,look.pl,X,distrib,X,distrib,
./lib/,newgetopt.pl,X,distrib,X,distrib,
./lib/,open.pm,,,X,distrib,X
./lib/,open2.pl,X,distrib,X,distrib,
./lib/,open3.pl,X,distrib,X,distrib,
./lib/,ops.pm,X,distrib,X,delete,
./lib/,overload.pm,X,distrib,X,distrib,
./lib/,perl5db.pl,X,distrib,X,distrib,
./lib/,pwd.pl,X,distrib,X,distrib,
./lib/,re.pm,X,distrib,X,delete,
./lib/,shellwords.pl,X,distrib,X,distrib,
./lib/,sigtrap.pm,X,distrib,X,distrib,
./lib/,stat.pl,X,distrib,X,distrib,
./lib/,strict.pm,X,distrib,X,distrib,
./lib/,subs.pm,X,distrib,X,distrib,
./lib/,syslog.pl,X,distrib,X,distrib,
./lib/,tainted.pl,X,distrib,X,distrib,
./lib/,termcap.pl,X,distrib,X,distrib,
./lib/,timelocal.pl,X,distrib,X,distrib,
./lib/,utf8.pm,,,X,distrib,X
./lib/,utf8_heavy.pl,,,X,distrib,X
./lib/,validate.pl,X,distrib,X,distrib,
./lib/,vars.pm,X,distrib,X,distrib,
./lib/,warnings.pm,,,X,distrib,X
./lib/B/,Asmdata.pm,X,,X,delete,
./lib/B/,Assembler.pm,X,,X,delete,
./lib/B/,Bblock.pm,X,,X,delete,
./lib/B/,Bytecode.pm,X,,X,delete,
./lib/B/,C.pm,X,,X,delete,
./lib/B/,CC.pm,X,,X,delete,
./lib/B/,Concise.pm,,,X,delete,X
./lib/B/,Debug.pm,X,,X,delete,
./lib/B/,Deparse.pm,X,,X,delete,
./lib/B/,Disassembler.pm,X,,X,delete,
./lib/B/,Lint.pm,X,,X,delete,
./lib/B/,Showlex.pm,X,,X,delete,
./lib/B/,Stackobj.pm,X,,X,delete,
./lib/B/,Stash.pm,,,X,delete,X
./lib/B/,Terse.pm,X,,X,delete,
./lib/B/,Xref.pm,X,,X,delete,
./lib/B/,assemble,X,,X,delete,
./lib/B/,cc_harness,X,,X,delete,
./lib/B/,disassemble,X,,X,delete,
./lib/B/,makeliblinks,X,,X,delete,
./lib/CGI/,Apache.pm,X,distrib,X,distrib,
./lib/CGI/,Carp.pm,X,distrib,X,distrib,
./lib/CGI/,Cookie.pm,X,distrib,X,distrib,
./lib/CGI/,Fast.pm,X,distrib,X,distrib,
./lib/CGI/,Pretty.pm,,,X,distrib,X
./lib/CGI/,Push.pm,X,distrib,X,distrib,
./lib/CGI/,Switch.pm,X,distrib,X,distrib,
./lib/CGI/,Util.pm,,,X,distrib,X
./lib/CPAN/,FirstTime.pm,X,distrib,X,distrib,
./lib/CPAN/,Nox.pm,X,distrib,X,distrib,
./lib/Carp/,Heavy.pm,,,X,distrib,X
./lib/Class/,Struct.pm,X,distrib,X,distrib,
./lib/Data/,.exists,X,,X,delete,
./lib/Data/,Dumper.pm,X,,X,delete,
./lib/Devel/,.exists,,,X,delete,X
./lib/Devel/,DProf.pm,,,X,delete,X
./lib/Devel/,Peek.pm,,,X,delete,X
./lib/Devel/,SelfStubber.pm,X,distrib,X,distrib,
./lib/Exporter/,Heavy.pm,,,X,distrib,X
./lib/ExtUtils/,Command.pm,X,distrib,X,distrib,
./lib/ExtUtils/,Embed.pm,X,distrib,X,distrib,
./lib/ExtUtils/,Install.pm,X,distrib,X,distrib,
./lib/ExtUtils/,Installed.pm,X,distrib,X,distrib,
./lib/ExtUtils/,Liblist.pm,X,distrib,X,distrib,
./lib/ExtUtils/,MM_Cygwin.pm,,,X,distrib,X
./lib/ExtUtils/,MM_OS2.pm,X,distrib,X,distrib,
./lib/ExtUtils/,MM_Unix.pm,X,distrib,X,distrib,
./lib/ExtUtils/,MM_VMS.pm,X,distrib,X,distrib,
./lib/ExtUtils/,MM_Win32.pm,X,distrib,X,distrib,
./lib/ExtUtils/,MakeMaker.pm,X,distrib,X,distrib,
./lib/ExtUtils/,Manifest.pm,X,distrib,X,distrib,
./lib/ExtUtils/,Miniperl.pm,X,,X,delete,
./lib/ExtUtils/,Mkbootstrap.pm,X,distrib,X,distrib,
./lib/ExtUtils/,Mksymlists.pm,X,distrib,X,distrib,
./lib/ExtUtils/,Packlist.pm,X,distrib,X,distrib,
./lib/ExtUtils/,inst,X,distrib,X,distrib,
./lib/ExtUtils/,testlib.pm,X,distrib,X,distrib,
./lib/ExtUtils/,typemap,X,distrib,X,distrib,
./lib/ExtUtils/,xsubpp,X,distrib,X,distrib,
./lib/File/,.exists,,,X,delete,X
./lib/File/,Basename.pm,X,distrib,X,distrib,
./lib/File/,CheckTree.pm,X,distrib,X,distrib,
./lib/File/,Compare.pm,X,distrib,X,distrib,
./lib/File/,Copy.pm,X,distrib,X,distrib,
./lib/File/,DosGlob.pm,X,distrib,X,distrib,
./lib/File/,Find.pm,X,distrib,X,distrib,
./lib/File/,Glob.pm,,,X,delete,X
./lib/File/,Path.pm,X,distrib,X,distrib,
./lib/File/,Spec.pm,X,distrib,X,distrib,
./lib/File/,Temp.pm,,,X,distrib,X
./lib/File/,stat.pm,X,distrib,X,distrib,
./lib/File/Spec/,Epoc.pm,,,X,distrib,X
./lib/File/Spec/,Functions.pm,,,X,distrib,X
./lib/File/Spec/,Mac.pm,X,distrib,X,distrib,
./lib/File/Spec/,OS2.pm,X,distrib,X,distrib,
./lib/File/Spec/,Unix.pm,X,distrib,X,distrib,
./lib/File/Spec/,VMS.pm,X,distrib,X,distrib,
./lib/File/Spec/,Win32.pm,X,distrib,X,distrib,
./lib/Getopt/,Long.pm,X,distrib,X,distrib,
./lib/Getopt/,Std.pm,X,distrib,X,distrib,
./lib/I18N/,Collate.pm,X,distrib,X,distrib,
./lib/IO/,Dir.pm,,,X,delete,X
./lib/IO/,File.pm,X,,X,delete,
./lib/IO/,Handle.pm,X,,X,delete,
./lib/IO/,Pipe.pm,X,,X,delete,
./lib/IO/,Poll.pm,,,X,delete,X
./lib/IO/,Seekable.pm,X,,X,delete,
./lib/IO/,Select.pm,X,,X,delete,
./lib/IO/,Socket.pm,X,,X,delete,
./lib/IO/Socket/,INET.pm,,,X,delete,X
./lib/IO/Socket/,UNIX.pm,,,X,delete,X
./lib/IPC/,.exists,X,,X,delete,
./lib/IPC/,Msg.pm,X,,X,delete,
./lib/IPC/,Open2.pm,X,distrib,X,distrib,
./lib/IPC/,Open3.pm,X,distrib,X,distrib,
./lib/IPC/,Semaphore.pm,X,,X,delete,
./lib/IPC/,SysV.pm,X,,X,delete,
./lib/Math/,BigFloat.pm,X,distrib,X,distrib,
./lib/Math/,BigInt.pm,X,distrib,X,distrib,
./lib/Math/,Complex.pm,X,distrib,X,distrib,
./lib/Math/,Trig.pm,X,distrib,X,distrib,
./lib/Net/,Ping.pm,X,distrib,X,distrib,
./lib/Net/,hostent.pm,X,distrib,X,distrib,
./lib/Net/,netent.pm,X,distrib,X,distrib,
./lib/Net/,protoent.pm,X,distrib,X,distrib,
./lib/Net/,servent.pm,X,distrib,X,distrib,
./lib/Pod/,Checker.pm,,,X,distrib,X
./lib/Pod/,Find.pm,,,X,distrib,X
./lib/Pod/,Functions.pm,X,distrib,X,distrib,
./lib/Pod/,Html.pm,X,distrib,X,distrib,
./lib/Pod/,InputObjects.pm,,,X,distrib,X
./lib/Pod/,LaTeX.pm,,,X,distrib,X
./lib/Pod/,Man.pm,,,X,distrib,X
./lib/Pod/,ParseUtils.pm,,,X,distrib,X
./lib/Pod/,Parser.pm,,,X,distrib,X
./lib/Pod/,Plainer.pm,,,X,distrib,X
./lib/Pod/,Select.pm,,,X,distrib,X
./lib/Pod/,Text.pm,X,distrib,X,distrib,
./lib/Pod/,Usage.pm,,,X,distrib,X
./lib/Pod/Text/,Color.pm,,,X,distrib,X
./lib/Pod/Text/,Overstrike.pm,,,X,distrib,X
./lib/Pod/Text/,Termcap.pm,,,X,distrib,X
./lib/Search/,Dict.pm,X,distrib,X,distrib,
./lib/Sys/,.exists,,,X,delete,X
./lib/Sys/,Hostname.pm,X,distrib,X,delete,
./lib/Sys/,Syslog.pm,X,distrib,X,delete,
./lib/Term/,ANSIColor.pm,,,X,distrib,X
./lib/Term/,Cap.pm,X,distrib,X,distrib,
./lib/Term/,Complete.pm,X,distrib,X,distrib,
./lib/Term/,ReadLine.pm,X,distrib,X,distrib,
./lib/Test/,Harness.pm,X,distrib,X,distrib,
./lib/Text/,Abbrev.pm,X,distrib,X,distrib,
./lib/Text/,ParseWords.pm,X,distrib,X,distrib,
./lib/Text/,Soundex.pm,X,distrib,X,distrib,
./lib/Text/,Tabs.pm,X,distrib,X,distrib,
./lib/Text/,Wrap.pm,X,distrib,X,distrib,
./lib/Tie/,Array.pm,X,distrib,X,distrib,
./lib/Tie/,Handle.pm,X,distrib,X,distrib,
./lib/Tie/,Hash.pm,X,distrib,X,distrib,
./lib/Tie/,RefHash.pm,X,distrib,X,distrib,
./lib/Tie/,Scalar.pm,X,distrib,X,distrib,
./lib/Tie/,SubstrHash.pm,X,distrib,X,distrib,
./lib/Time/,Local.pm,X,distrib,X,distrib,
./lib/Time/,gmtime.pm,X,distrib,X,distrib,
./lib/Time/,localtime.pm,X,distrib,X,distrib,
./lib/Time/,tm.pm,X,distrib,X,distrib,
./lib/User/,grent.pm,X,distrib,X,distrib,
./lib/User/,pwent.pm,X,distrib,X,distrib,
./lib/auto/B/,.exists,X,,X,delete,
./lib/auto/B/,B.bs,X,,X,delete,
./lib/auto/ByteLoader/,.exists,,,X,delete,X
./lib/auto/ByteLoader/,ByteLoader.bs,,,X,delete,X
./lib/auto/Data/Dumper/,.exists,X,,X,delete,
./lib/auto/Data/Dumper/,Dumper.bs,X,,X,delete,
./lib/auto/Devel/DProf/,.exists,,,X,delete,X
./lib/auto/Devel/DProf/,DProf.bs,,,X,delete,X
./lib/auto/Devel/Peek/,.exists,,,X,delete,X
./lib/auto/Devel/Peek/,Peek.bs,,,X,delete,X
./lib/auto/DynaLoader/,.exists,X,,X,delete,
./lib/auto/DynaLoader/,autosplit.ix,X,,X,delete,
./lib/auto/DynaLoader/,dl_expandspec.al,X,,X,delete,
./lib/auto/DynaLoader/,dl_find_symbol_anywhere.al,X,,X,delete,
./lib/auto/DynaLoader/,dl_findfile.al,X,,X,delete,
./lib/auto/DynaLoader/,extralibs.ld,X,,X,delete,
./lib/auto/Errno/,.exists,X,,X,delete,
./lib/auto/Fcntl/,.exists,X,,X,delete,
./lib/auto/Fcntl/,Fcntl.bs,X,,X,delete,
./lib/auto/File/Glob/,.exists,,,X,delete,X
./lib/auto/File/Glob/,Glob.bs,,,X,delete,X
./lib/auto/File/Glob/,autosplit.ix,,,X,delete,X
./lib/auto/Getopt/Long/,Configure.al,X,,X,delete,
./lib/auto/Getopt/Long/,Croak.al,X,,X,delete,
./lib/auto/Getopt/Long/,FindOption.al,X,,X,delete,
./lib/auto/Getopt/Long/,GetOptions.al,X,,X,delete
./lib/auto/Getopt/Long/,autosplit.ix,X,,X,delete
./lib/auto/Getopt/Long/,config.al,X,,X,delete
./lib/auto/IO/,.exists,X,,X,delete
./lib/auto/IO/,IO.bs,X,,X,delete
./lib/auto/IPC/SysV/,.exists,X,,X,delete
./lib/auto/IPC/SysV/,SysV.bs,X,,X,delete
./lib/auto/NDBM_File/,.exists,X,,X,delete
./lib/auto/NDBM_File/,NDBM_File.bs,X,,X,delete
./lib/auto/ODBM_File/,.exists,X,,X,delete
./lib/auto/ODBM_File/,ODBM_File.bs,X,,X,delete
./lib/auto/Opcode/,.exists,X,,X,delete
./lib/auto/Opcode/,Opcode.bs,X,,X,delete
./lib/auto/POSIX/,.exists,X,,X,delete
./lib/auto/POSIX/,POSIX.bs,X,,X,delete
./lib/auto/POSIX/,abs.al,X,,X,delete
./lib/auto/POSIX/,alarm.al,X,,X,delete
./lib/auto/POSIX/,assert.al,X,,X,delete
./lib/auto/POSIX/,atan2.al,X,,X,delete
./lib/auto/POSIX/,atexit.al,X,,X,delete
./lib/auto/POSIX/,atof.al,X,,X,delete
./lib/auto/POSIX/,atoi.al,X,,X,delete
./lib/auto/POSIX/,atol.al,X,,X,delete
./lib/auto/POSIX/,autosplit.ix,X,,X,delete
./lib/auto/POSIX/,bsearch.al,X,,X,delete
./lib/auto/POSIX/,calloc.al,X,,X,delete
./lib/auto/POSIX/,chdir.al,X,,X,delete
./lib/auto/POSIX/,chmod.al,X,,X,delete
./lib/auto/POSIX/,chown.al,X,,X,delete
./lib/auto/POSIX/,clearerr.al,X,,X,delete
./lib/auto/POSIX/,closedir.al,X,,X,delete
./lib/auto/POSIX/,cos.al,X,,X,delete
./lib/auto/POSIX/,creat.al,X,,X,delete
./lib/auto/POSIX/,div.al,X,,X,delete
./lib/auto/POSIX/,errno.al,X,,X,delete
./lib/auto/POSIX/,execl.al,X,,X,delete
./lib/auto/POSIX/,execle.al,X,,X,delete
./lib/auto/POSIX/,execlp.al,X,,X,delete
./lib/auto/POSIX/,execv.al,X,,X,delete
./lib/auto/POSIX/,execve.al,X,,X,delete
./lib/auto/POSIX/,execvp.al,X,,X,delete
./lib/auto/POSIX/,exit.al,X,,X,delete
./lib/auto/POSIX/,exp.al,X,,X,delete
./lib/auto/POSIX/,fabs.al,X,,X,delete
./lib/auto/POSIX/,fclose.al,X,,X,delete
./lib/auto/POSIX/,fcntl.al,X,,X,delete
./lib/auto/POSIX/,fdopen.al,X,,X,delete
./lib/auto/POSIX/,feof.al,X,,X,delete
./lib/auto/POSIX/,ferror.al,X,,X,delete
./lib/auto/POSIX/,fflush.al,X,,X,delete
./lib/auto/POSIX/,fgetc.al,X,,X,delete
./lib/auto/POSIX/,fgetpos.al,X,,X,delete
./lib/auto/POSIX/,fgets.al,X,,X,delete
./lib/auto/POSIX/,fileno.al,X,,X,delete
./lib/auto/POSIX/,fopen.al,X,,X,delete
./lib/auto/POSIX/,fork.al,X,,X,delete
./lib/auto/POSIX/,fprintf.al,X,,X,delete
./lib/auto/POSIX/,fputc.al,X,,X,delete
./lib/auto/POSIX/,fputs.al,X,,X,delete
./lib/auto/POSIX/,fread.al,X,,X,delete
./lib/auto/POSIX/,free.al,X,,X,delete
./lib/auto/POSIX/,freopen.al,X,,X,delete
./lib/auto/POSIX/,fscanf.al,X,,X,delete
./lib/auto/POSIX/,fseek.al,X,,X,delete
./lib/auto/POSIX/,fsetpos.al,X,,X,delete
./lib/auto/POSIX/,fstat.al,X,,X,delete
./lib/auto/POSIX/,ftell.al,X,,X,delete
./lib/auto/POSIX/,fwrite.al,X,,X,delete
./lib/auto/POSIX/,getc.al,X,,X,delete
./lib/auto/POSIX/,getchar.al,X,,X,delete
./lib/auto/POSIX/,getcwd.al,X,,X,delete
./lib/auto/POSIX/,getegid.al,X,,X,delete
./lib/auto/POSIX/,getenv.al,X,,X,delete
./lib/auto/POSIX/,geteuid.al,X,,X,delete
./lib/auto/POSIX/,getgid.al,X,,X,delete
./lib/auto/POSIX/,getgrgid.al,X,,X,delete
./lib/auto/POSIX/,getgrnam.al,X,,X,delete
./lib/auto/POSIX/,getgroups.al,X,,X,delete
./lib/auto/POSIX/,getlogin.al,X,,X,delete
./lib/auto/POSIX/,getpgrp.al,X,,X,delete
./lib/auto/POSIX/,getpid.al,X,,X,delete,
./lib/auto/POSIX/,getppid.al,X,,X,delete,
./lib/auto/POSIX/,getpwnam.al,X,,X,delete,
./lib/auto/POSIX/,getpwuid.al,X,,X,delete,
./lib/auto/POSIX/,gets.al,X,,X,delete,
./lib/auto/POSIX/,getuid.al,X,,X,delete,
./lib/auto/POSIX/,gmtime.al,X,,X,delete,
./lib/auto/POSIX/,isatty.al,X,,X,delete,
./lib/auto/POSIX/,kill.al,X,,X,delete,
./lib/auto/POSIX/,labs.al,X,,X,delete,
./lib/auto/POSIX/,ldiv.al,X,,X,delete,
./lib/auto/POSIX/,link.al,X,,X,delete,
./lib/auto/POSIX/,load_imports.al,,,X,delete,X
./lib/auto/POSIX/,localtime.al,X,,X,delete,
./lib/auto/POSIX/,log.al,X,,X,delete,
./lib/auto/POSIX/,longjmp.al,X,,X,delete,
./lib/auto/POSIX/,malloc.al,X,,X,delete
./lib/auto/POSIX/,memchr.al,X,,X,delete
./lib/auto/POSIX/,memcmp.al,X,,X,delete
./lib/auto/POSIX/,memcpy.al,X,,X,delete
./lib/auto/POSIX/,memmove.al,X,,X,delete
./lib/auto/POSIX/,memset.al,X,,X,delete
./lib/auto/POSIX/,mkdir.al,X,,X,delete
./lib/auto/POSIX/,offsetof.al,X,,X,delete
./lib/auto/POSIX/,opendir.al,X,,X,delete
./lib/auto/POSIX/,perror.al,X,,X,delete
./lib/auto/POSIX/,pow.al,X,,X,delete
./lib/auto/POSIX/,printf.al,X,,X,delete
./lib/auto/POSIX/,putc.al,X,,X,delete
./lib/auto/POSIX/,putchar.al,X,,X,delete
./lib/auto/POSIX/,puts.al,X,,X,delete
./lib/auto/POSIX/,qsort.al,X,,X,delete
./lib/auto/POSIX/,raise.al,X,,X,delete
./lib/auto/POSIX/,rand.al,X,,X,delete
./lib/auto/POSIX/,readdir.al,X,,X,delete
./lib/auto/POSIX/,realloc.al,X,,X,delete
./lib/auto/POSIX/,remove.al,X,,X,delete
./lib/auto/POSIX/,rename.al,X,,X,delete
./lib/auto/POSIX/,rewind.al,X,,X,delete
./lib/auto/POSIX/,rewinddir.al,X,,X,delete
./lib/auto/POSIX/,rmdir.al,X,,X,delete
./lib/auto/POSIX/,scanf.al,X,,X,delete
./lib/auto/POSIX/,setbuf.al,X,,X,delete
./lib/auto/POSIX/,setgid.al,X,,X,delete
./lib/auto/POSIX/,setjmp.al,X,,X,delete
./lib/auto/POSIX/,setuid.al,X,,X,delete
./lib/auto/POSIX/,setvbuf.al,X,,X,delete
./lib/auto/POSIX/,siglongjmp.al,X,,X,delete
./lib/auto/POSIX/,sigsetjmp.al,X,,X,delete
./lib/auto/POSIX/,sin.al,X,,X,delete
./lib/auto/POSIX/,sleep.al,X,,X,delete
./lib/auto/POSIX/,sprintf.al,X,,X,delete
./lib/auto/POSIX/,sqrt.al,X,,X,delete
./lib/auto/POSIX/,srand.al,X,,X,delete
./lib/auto/POSIX/,sscanf.al,X,,X,delete
./lib/auto/POSIX/,stat.al,X,,X,delete
./lib/auto/POSIX/,strcat.al,X,,X,delete
./lib/auto/POSIX/,strchr.al,X,,X,delete
./lib/auto/POSIX/,strcmp.al,X,,X,delete
./lib/auto/POSIX/,strcpy.al,X,,X,delete
./lib/auto/POSIX/,strcspn.al,X,,X,delete
./lib/auto/POSIX/,strerror.al,X,,X,delete
./lib/auto/POSIX/,strlen.al,X,,X,delete
./lib/auto/POSIX/,strncat.al,X,,X,delete
./lib/auto/POSIX/,strncmp.al,X,,X,delete
./lib/auto/POSIX/,strncpy.al,X,,X,delete
./lib/auto/POSIX/,strpbrk.al,X,,X,delete
./lib/auto/POSIX/,strrchr.al,X,,X,delete
./lib/auto/POSIX/,strspn.al,X,,X,delete
./lib/auto/POSIX/,strstr.al,X,,X,delete
./lib/auto/POSIX/,strtok.al,X,,X,delete
./lib/auto/POSIX/,system.al,X,,X,delete
./lib/auto/POSIX/,time.al,X,,X,delete
./lib/auto/POSIX/,tmpfile.al,X,,X,delete
./lib/auto/POSIX/,tolower.al,X,,X,delete
./lib/auto/POSIX/,toupper.al,X,,X,delete
./lib/auto/POSIX/,umask.al,X,,X,delete
./lib/auto/POSIX/,ungetc.al,X,,X,delete
./lib/auto/POSIX/,unlink.al,X,,X,delete
./lib/auto/POSIX/,utime.al,X,,X,delete
./lib/auto/POSIX/,vfprintf.al,X,,X,delete,
./lib/auto/POSIX/,vprintf.al,X,,X,delete,
./lib/auto/POSIX/,vsprintf.al,X,,X,delete,
./lib/auto/POSIX/,wait.al,X,,X,delete,
./lib/auto/POSIX/,waitpid.al,X,,X,delete,
./lib/auto/SDBM_File/,.exists,X,,X,delete,
./lib/auto/SDBM_File/,SDBM_File.bs,X,,X,delete,
./lib/auto/Socket/,.exists,X,,X,delete,
./lib/auto/Socket/,Socket.bs,X,,X,delete,
./lib/auto/Sys/Hostname/,.exists,,,X,delete,X
./lib/auto/Sys/Hostname/,Hostname.bs,,,X,delete,X
./lib/auto/Sys/Hostname/,autosplit.ix,,,X,delete,X
./lib/auto/Sys/Syslog/,.exists,,,X,delete,X
./lib/auto/Sys/Syslog/,Syslog.bs,,,X,delete,X
./lib/auto/attrs/,.exists,X,,X,delete,
./lib/auto/attrs/,attrs.bs,X,,X,delete,
./lib/auto/re/,.exists,X,,X,delete,
./lib/auto/re/,re.bs,X,,X,delete,
./lib/auto/sdbm/,.exists,X,,X,delete,
./lib/auto/sdbm/,extralibs.ld,X,,X,delete,
./lib/unicode/,ArabLink.pl,,,X,distrib,X
./lib/unicode/,ArabLnkGrp.pl,,,X,distrib,X
./lib/unicode/,ArabShap.txt,,,X,distrib,X
./lib/unicode/,BidiMirr.txt,,,X,distrib,X
./lib/unicode/,Bidirectional.pl,,,X,distrib,X
./lib/unicode/,Block.pl,,,X,distrib,X
./lib/unicode/,Blocks.txt,,,X,distrib,X
./lib/unicode/,CaseFold.txt,,,X,distrib,X
./lib/unicode/,Category.pl,,,X,distrib,X
./lib/unicode/,CombiningClass.pl,,,X,distrib,X
./lib/unicode/,CompExcl.txt,,,X,distrib,X
./lib/unicode/,Decomposition.pl,,,X,distrib,X
./lib/unicode/,EAWidth.txt,,,X,distrib,X
./lib/unicode/,Index.txt,,,X,distrib,X
./lib/unicode/,Jamo.txt,,,X,distrib,X
./lib/unicode/,JamoShort.pl,,,X,distrib,X
./lib/unicode/,LineBrk.txt,,,X,distrib,X
./lib/unicode/,Makefile,,,X,delete,X
./lib/unicode/,Name.pl,,,X,distrib,X
./lib/unicode/,Names.txt,,,X,distrib,X
./lib/unicode/,NamesList.html,,,X,distrib,X
./lib/unicode/,Number.pl,,,X,distrib,X
./lib/unicode/,PropList.txt,,,X,distrib,X
./lib/unicode/,README.Ethiopic,,,X,distrib,X
./lib/unicode/,README.perl,,,X,distrib,X
./lib/unicode/,ReadMe.txt,,,X,distrib,X
./lib/unicode/,SpecCase.txt,,,X,distrib,X
./lib/unicode/,UCD301.html,,,X,distrib,X
./lib/unicode/,UCDFF301.html,,,X,distrib,X
./lib/unicode/,Unicode.301,,,X,distrib,X
./lib/unicode/,mktables.PL,,,X,distrib,X
./lib/unicode/,syllables.txt,,,X,distrib,X
./lib/unicode/In/,AlphabeticPresentationForms.pl,,,X,distrib,X
./lib/unicode/In/,Arabic.pl,,,X,distrib,X
./lib/unicode/In/,ArabicPresentationForms-A.pl,,,X,distrib,X
./lib/unicode/In/,ArabicPresentationForms-B.pl,,,X,distrib,X
./lib/unicode/In/,Armenian.pl,,,X,distrib,X
./lib/unicode/In/,Arrows.pl,,,X,distrib,X
./lib/unicode/In/,BasicLatin.pl,,,X,distrib,X
./lib/unicode/In/,Bengali.pl,,,X,distrib,X
./lib/unicode/In/,BlockElements.pl,,,X,distrib,X
./lib/unicode/In/,Bopomofo.pl,,,X,distrib,X
./lib/unicode/In/,BopomofoExtended.pl,,,X,distrib,X
./lib/unicode/In/,BoxDrawing.pl,,,X,distrib,X
./lib/unicode/In/,BraillePatterns.pl,,,X,distrib,X
./lib/unicode/In/,CJKCompatibility.pl,,,X,distrib,X
./lib/unicode/In/,CJKCompatibilityForms.pl,,,X,distrib,X
./lib/unicode/In/,CJKCompatibilityIdeographs.pl,,,X,distrib,X
./lib/unicode/In/,CJKRadicalsSupplement.pl,,,X,distrib,X
./lib/unicode/In/,CJKSymbolsandPunctuation.pl,,,X,distrib,X
./lib/unicode/In/,CJKUnifiedIdeographs.pl,,,X,distrib,X
./lib/unicode/In/,CJKUnifiedIdeographsExtensionA.pl,,,X,distrib,X
./lib/unicode/In/,Cherokee.pl,,,X,distrib,X
./lib/unicode/In/,CombiningDiacriticalMarks.pl,,,X,distrib,X
./lib/unicode/In/,CombiningHalfMarks.pl,,,X,distrib,X
./lib/unicode/In/,CombiningMarksforSymbols.pl,,,X,distrib,X
./lib/unicode/In/,ControlPictures.pl,,,X,distrib,X
./lib/unicode/In/,CurrencySymbols.pl,,,X,distrib,X
./lib/unicode/In/,Cyrillic.pl,,,X,distrib,X
./lib/unicode/In/,Devanagari.pl,,,X,distrib,X
./lib/unicode/In/,Dingbats.pl,,,X,distrib,X
./lib/unicode/In/,EnclosedAlphanumerics.pl,,,X,distrib,X
./lib/unicode/In/,EnclosedCJKLettersandMonths.pl,,,X,distrib,X
./lib/unicode/In/,Ethiopic.pl,,,X,distrib,X
./lib/unicode/In/,GeneralPunctuation.pl,,,X,distrib,X
./lib/unicode/In/,GeometricShapes.pl,,,X,distrib,X
./lib/unicode/In/,Georgian.pl,,,X,distrib,X
./lib/unicode/In/,Greek.pl,,,X,distrib,X
./lib/unicode/In/,GreekExtended.pl,,,X,distrib,X
./lib/unicode/In/,Gujarati.pl,,,X,distrib,X
./lib/unicode/In/,Gurmukhi.pl,,,X,distrib,X
./lib/unicode/In/,HalfwidthandFullwidthForms.pl,,,X,distrib,X
./lib/unicode/In/,HangulCompatibilityJamo.pl,,,X,distrib,X
./lib/unicode/In/,HangulJamo.pl,,,X,distrib,X
./lib/unicode/In/,HangulSyllables.pl,,,X,distrib,X
./lib/unicode/In/,Hebrew.pl,,,X,distrib,X
./lib/unicode/In/,HighPrivateUseSurrogates.pl,,,X,distrib,X
./lib/unicode/In/,HighSurrogates.pl,,,X,distrib,X
./lib/unicode/In/,Hiragana.pl,,,X,distrib,X
./lib/unicode/In/,IPAExtensions.pl,,,X,distrib,X
./lib/unicode/In/,IdeographicDescriptionCharacters.pl,,,X,distrib,X
./lib/unicode/In/,Kanbun.pl,,,X,distrib,X
./lib/unicode/In/,KangxiRadicals.pl,,,X,distrib,X
./lib/unicode/In/,Kannada.pl,,,X,distrib,X
./lib/unicode/In/,Katakana.pl,,,X,distrib,X
./lib/unicode/In/,Khmer.pl,,,X,distrib,X
./lib/unicode/In/,Lao.pl,,,X,distrib,X
./lib/unicode/In/,Latin-1Supplement.pl,,,X,distrib,X
./lib/unicode/In/,LatinExtended-A.pl,,,X,distrib,X
./lib/unicode/In/,LatinExtended-B.pl,,,X,distrib,X
./lib/unicode/In/,LatinExtendedAdditional.pl,,,X,distrib,X
./lib/unicode/In/,LetterlikeSymbols.pl,,,X,distrib,X
./lib/unicode/In/,LowSurrogates.pl,,,X,distrib,X
./lib/unicode/In/,Malayalam.pl,,,X,distrib,X
./lib/unicode/In/,MathematicalOperators.pl,,,X,distrib,X
./lib/unicode/In/,MiscellaneousSymbols.pl,,,X,distrib,X
./lib/unicode/In/,MiscellaneousTechnical.pl,,,X,distrib,X
./lib/unicode/In/,Mongolian.pl,,,X,distrib,X
./lib/unicode/In/,Myanmar.pl,,,X,distrib,X
./lib/unicode/In/,NumberForms.pl,,,X,distrib,X
./lib/unicode/In/,Ogham.pl,,,X,distrib,X
./lib/unicode/In/,OpticalCharacterRecognition.pl,,,X,distrib,X
./lib/unicode/In/,Oriya.pl,,,X,distrib,X
./lib/unicode/In/,PrivateUse.pl,,,X,distrib,X
./lib/unicode/In/,Runic.pl,,,X,distrib,X
./lib/unicode/In/,Sinhala.pl,,,X,distrib,X
./lib/unicode/In/,SmallFormVariants.pl,,,X,distrib,X
./lib/unicode/In/,SpacingModifierLetters.pl,,,X,distrib,X
./lib/unicode/In/,Specials.pl,,,X,distrib,X
./lib/unicode/In/,SuperscriptsandSubscripts.pl,,,X,distrib,X
./lib/unicode/In/,Syriac.pl,,,X,distrib,X
./lib/unicode/In/,Tamil.pl,,,X,distrib,X
./lib/unicode/In/,Telugu.pl,,,X,distrib,X
./lib/unicode/In/,Thaana.pl,,,X,distrib,X
./lib/unicode/In/,Thai.pl,,,X,distrib,X
./lib/unicode/In/,Tibetan.pl,,,X,distrib,X
./lib/unicode/In/,UnifiedCanadianAboriginalSyllabics.pl,,,X,distrib,X
./lib/unicode/In/,YiRadicals.pl,,,X,distrib,X
./lib/unicode/In/,YiSyllables.pl,,,X,distrib,X
./lib/unicode/Is/,ASCII.pl,,,X,distrib,X
./lib/unicode/Is/,Alnum.pl,,,X,distrib,X
./lib/unicode/Is/,Alpha.pl,,,X,distrib,X
./lib/unicode/Is/,BidiAL.pl,,,X,distrib,X
./lib/unicode/Is/,BidiAN.pl,,,X,distrib,X
./lib/unicode/Is/,BidiB.pl,,,X,distrib,X
./lib/unicode/Is/,BidiBN.pl,,,X,distrib,X
./lib/unicode/Is/,BidiCS.pl,,,X,distrib,X
./lib/unicode/Is/,BidiEN.pl,,,X,distrib,X
./lib/unicode/Is/,BidiES.pl,,,X,distrib,X
./lib/unicode/Is/,BidiET.pl,,,X,distrib,X
./lib/unicode/Is/,BidiL.pl,,,X,distrib,X
./lib/unicode/Is/,BidiLRE.pl,,,X,distrib,X
./lib/unicode/Is/,BidiLRO.pl,,,X,distrib,X
./lib/unicode/Is/,BidiNSM.pl,,,X,distrib,X
./lib/unicode/Is/,BidiON.pl,,,X,distrib,X
./lib/unicode/Is/,BidiPDF.pl,,,X,distrib,X
./lib/unicode/Is/,BidiR.pl,,,X,distrib,X
./lib/unicode/Is/,BidiRLE.pl,,,X,distrib,X
./lib/unicode/Is/,BidiRLO.pl,,,X,distrib,X
./lib/unicode/Is/,BidiS.pl,,,X,distrib,X
./lib/unicode/Is/,BidiWS.pl,,,X,distrib,X
./lib/unicode/Is/,Blank.pl,,,X,distrib,X
./lib/unicode/Is/,C.pl,,,X,distrib,X
./lib/unicode/Is/,Cc.pl,,,X,distrib,X
./lib/unicode/Is/,Cf.pl,,,X,distrib,X
./lib/unicode/Is/,Cn.pl,,,X,distrib,X
./lib/unicode/Is/,Cntrl.pl,,,X,distrib,X
./lib/unicode/Is/,Co.pl,,,X,distrib,X
./lib/unicode/Is/,Cs.pl,,,X,distrib,X
./lib/unicode/Is/,DCcircle.pl,,,X,distrib,X
./lib/unicode/Is/,DCcompat.pl,,,X,distrib,X
./lib/unicode/Is/,DCfinal.pl,,,X,distrib,X
./lib/unicode/Is/,DCfont.pl,,,X,distrib,X
./lib/unicode/Is/,DCfraction.pl,,,X,distrib,X
./lib/unicode/Is/,DCinitial.pl,,,X,distrib,X
./lib/unicode/Is/,DCisolated.pl,,,X,distrib,X
./lib/unicode/Is/,DCmedial.pl,,,X,distrib,X
./lib/unicode/Is/,DCnarrow.pl,,,X,distrib,X
./lib/unicode/Is/,DCnoBreak.pl,,,X,distrib,X
./lib/unicode/Is/,DCsmall.pl,,,X,distrib,X
./lib/unicode/Is/,DCsquare.pl,,,X,distrib,X
./lib/unicode/Is/,DCsub.pl,,,X,distrib,X
./lib/unicode/Is/,DCsuper.pl,,,X,distrib,X
./lib/unicode/Is/,DCvertical.pl,,,X,distrib,X
./lib/unicode/Is/,DCwide.pl,,,X,distrib,X
./lib/unicode/Is/,DecoCanon.pl,,,X,distrib,X
./lib/unicode/Is/,DecoCompat.pl,,,X,distrib,X
./lib/unicode/Is/,Digit.pl,,,X,distrib,X
./lib/unicode/Is/,Graph.pl,,,X,distrib,X
./lib/unicode/Is/,L.pl,,,X,distrib,X
./lib/unicode/Is/,LbrkAI.pl,,,X,distrib,X
./lib/unicode/Is/,LbrkAL.pl,,,X,distrib,X
./lib/unicode/Is/,LbrkB2.pl,,,X,distrib,X
./lib/unicode/Is/,LbrkBA.pl,,,X,distrib,X
./lib/unicode/Is/,LbrkBB.pl,,,X,distrib,X
./lib/unicode/Is/,LbrkBK.pl,,,X,distrib,X
./lib/unicode/Is/,LbrkCB.pl,,,X,distrib,X
./lib/unicode/Is/,LbrkCL.pl,,,X,distrib,X
./lib/unicode/Is/,LbrkCM.pl,,,X,distrib,X
./lib/unicode/Is/,LbrkCR.pl,,,X,distrib,X
./lib/unicode/Is/,LbrkEX.pl,,,X,distrib,X
./lib/unicode/Is/,LbrkGL.pl,,,X,distrib,X
./lib/unicode/Is/,LbrkHY.pl,,,X,distrib,X
./lib/unicode/Is/,LbrkID.pl,,,X,distrib,X
./lib/unicode/Is/,LbrkIN.pl,,,X,distrib,X
./lib/unicode/Is/,LbrkIS.pl,,,X,distrib,X
./lib/unicode/Is/,LbrkLF.pl,,,X,distrib,X
./lib/unicode/Is/,LbrkNS.pl,,,X,distrib,X
./lib/unicode/Is/,LbrkNU.pl,,,X,distrib,X
./lib/unicode/Is/,LbrkOP.pl,,,X,distrib,X
./lib/unicode/Is/,LbrkPO.pl,,,X,distrib,X
./lib/unicode/Is/,LbrkPR.pl,,,X,distrib,X
./lib/unicode/Is/,LbrkQU.pl,,,X,distrib,X
./lib/unicode/Is/,LbrkSA.pl,,,X,distrib,X
./lib/unicode/Is/,LbrkSG.pl,,,X,distrib,X
./lib/unicode/Is/,LbrkSP.pl,,,X,distrib,X
./lib/unicode/Is/,LbrkSY.pl,,,X,distrib,X
./lib/unicode/Is/,LbrkXX.pl,,,X,distrib,X
./lib/unicode/Is/,LbrkZW.pl,,,X,distrib,X
./lib/unicode/Is/,Ll.pl,,,X,distrib,X
./lib/unicode/Is/,Lm.pl,,,X,distrib,X
./lib/unicode/Is/,Lo.pl,,,X,distrib,X
./lib/unicode/Is/,Lower.pl,,,X,distrib,X
./lib/unicode/Is/,Lt.pl,,,X,distrib,X
./lib/unicode/Is/,Lu.pl,,,X,distrib,X
./lib/unicode/Is/,M.pl,,,X,distrib,X
./lib/unicode/Is/,Mc.pl,,,X,distrib,X
./lib/unicode/Is/,Me.pl,,,X,distrib,X
./lib/unicode/Is/,Mirrored.pl,,,X,distrib,X
./lib/unicode/Is/,Mn.pl,,,X,distrib,X
./lib/unicode/Is/,N.pl,,,X,distrib,X
./lib/unicode/Is/,Nd.pl,,,X,distrib,X
./lib/unicode/Is/,Nl.pl,,,X,distrib,X
./lib/unicode/Is/,No.pl,,,X,distrib,X
./lib/unicode/Is/,P.pl,,,X,distrib,X
./lib/unicode/Is/,Pc.pl,,,X,distrib,X
./lib/unicode/Is/,Pd.pl,,,X,distrib,X
./lib/unicode/Is/,Pe.pl,,,X,distrib,X
./lib/unicode/Is/,Pf.pl,,,X,distrib,X
./lib/unicode/Is/,Pi.pl,,,X,distrib,X
./lib/unicode/Is/,Po.pl,,,X,distrib,X
./lib/unicode/Is/,Print.pl,,,X,distrib,X
./lib/unicode/Is/,Ps.pl,,,X,distrib,X
./lib/unicode/Is/,Punct.pl,,,X,distrib,X
./lib/unicode/Is/,S.pl,,,X,distrib,X
./lib/unicode/Is/,Sc.pl,,,X,distrib,X
./lib/unicode/Is/,Sk.pl,,,X,distrib,X
./lib/unicode/Is/,Sm.pl,,,X,distrib,X
./lib/unicode/Is/,So.pl,,,X,distrib,X
./lib/unicode/Is/,Space.pl,,,X,distrib,X
./lib/unicode/Is/,SpacePerl.pl,,,X,distrib,X
./lib/unicode/Is/,SylA.pl,,,X,distrib,X
./lib/unicode/Is/,SylAA.pl,,,X,distrib,X
./lib/unicode/Is/,SylAAI.pl,,,X,distrib,X
./lib/unicode/Is/,SylAI.pl,,,X,distrib,X
./lib/unicode/Is/,SylC.pl,,,X,distrib,X
./lib/unicode/Is/,SylE.pl,,,X,distrib,X
./lib/unicode/Is/,SylEE.pl,,,X,distrib,X
./lib/unicode/Is/,SylI.pl,,,X,distrib,X
./lib/unicode/Is/,SylII.pl,,,X,distrib,X
./lib/unicode/Is/,SylN.pl,,,X,distrib,X
./lib/unicode/Is/,SylO.pl,,,X,distrib,X
./lib/unicode/Is/,SylOO.pl,,,X,distrib,X
./lib/unicode/Is/,SylU.pl,,,X,distrib,X
./lib/unicode/Is/,SylV.pl,,,X,distrib,X
./lib/unicode/Is/,SylWA.pl,,,X,distrib,X
./lib/unicode/Is/,SylWAA.pl,,,X,distrib,X
./lib/unicode/Is/,SylWC.pl,,,X,distrib,X
./lib/unicode/Is/,SylWE.pl,,,X,distrib,X
./lib/unicode/Is/,SylWEE.pl,,,X,distrib,X
./lib/unicode/Is/,SylWI.pl,,,X,distrib,X
./lib/unicode/Is/,SylWII.pl,,,X,distrib,X
./lib/unicode/Is/,SylWO.pl,,,X,distrib,X
./lib/unicode/Is/,SylWOO.pl,,,X,distrib,X
./lib/unicode/Is/,SylWU.pl,,,X,distrib,X
./lib/unicode/Is/,SylWV.pl,,,X,distrib,X
./lib/unicode/Is/,Syllable.pl,,,X,distrib,X
./lib/unicode/Is/,Upper.pl,,,X,distrib,X
./lib/unicode/Is/,Word.pl,,,X,distrib,X
./lib/unicode/Is/,XDigit.pl,,,X,distrib,X
./lib/unicode/Is/,Z.pl,,,X,distrib,X
./lib/unicode/Is/,Zl.pl,,,X,distrib,X
./lib/unicode/Is/,Zp.pl,,,X,distrib,X
./lib/unicode/Is/,Zs.pl,,,X,distrib,X
./lib/unicode/To/,Digit.pl,,,X,distrib,X
./lib/unicode/To/,Lower.pl,,,X,distrib,X
./lib/unicode/To/,Title.pl,,,X,distrib,X
./lib/unicode/To/,Upper.pl,,,X,distrib,X
./lib/warnings/,register.pm,,,X,distrib,X
./mint/,Makefile,X,,X,delete,
./mint/,README,X,,X,delete,
./mint/,errno.h,X,,X,delete,
./mint/,pwd.c,X,,X,delete,
./mint/,stdio.h,X,,X,delete,
./mint/,time.h,X,,X,delete,
./mint/sys/,time.h,X,,X,delete,
./mpeix/,mpeixish.h,X,,X,delete,
./mpeix/,nm,X,,X,delete,
./mpeix/,relink,X,,X,delete,
./os2/,Changes,X,,X,delete,
./os2/,Makefile.SHs,X,,X,delete,
./os2/,POSIX.mkfifo,X,,,delete,
./os2/,diff.configure,X,,X,delete,
./os2/,dl_os2.c,X,,X,delete,
./os2/,dlfcn.h,X,,X,delete,
./os2/,os2.c,X,,X,delete,
./os2/,os2.sym,X,,X,delete,
./os2/,os2add.sym,,,X,delete,X
./os2/,os2ish.h,X,,X,delete,
./os2/,os2thread.h,X,,X,delete,
./os2/,perl2cmd.pl,X,,X,delete,
./os2/OS2/ExtAttr/,Changes,X,,X,delete,
./os2/OS2/ExtAttr/,ExtAttr.pm,X,,X,delete,
./os2/OS2/ExtAttr/,ExtAttr.xs,X,,X,delete,
./os2/OS2/ExtAttr/,MANIFEST,X,,X,delete,
./os2/OS2/ExtAttr/,Makefile.PL,X,,X,delete,
./os2/OS2/ExtAttr/,myea.h,X,,X,delete,
./os2/OS2/ExtAttr/,typemap,X,,X,delete,
./os2/OS2/ExtAttr/t/,os2_ea.t,X,,X,delete,
./os2/OS2/PrfDB/,Changes,X,,X,delete,
./os2/OS2/PrfDB/,MANIFEST,X,,X,delete,
./os2/OS2/PrfDB/,Makefile.PL,X,,X,delete,
./os2/OS2/PrfDB/,PrfDB.pm,X,,X,delete,
./os2/OS2/PrfDB/,PrfDB.xs,X,,X,delete,
./os2/OS2/PrfDB/,typemap,X,,X,delete,
./os2/OS2/PrfDB/t/,os2_prfdb.t,X,,X,delete,
./os2/OS2/Process/,MANIFEST,X,,X,delete,
./os2/OS2/Process/,Makefile.PL,X,,X,delete,
./os2/OS2/Process/,Process.pm,X,,X,delete,
./os2/OS2/Process/,Process.xs,X,,X,delete,
./os2/OS2/REXX/,Changes,X,,X,delete,
./os2/OS2/REXX/,MANIFEST,X,,X,delete,
./os2/OS2/REXX/,Makefile.PL,X,,X,delete,
./os2/OS2/REXX/,REXX.pm,X,,X,delete,
./os2/OS2/REXX/,REXX.xs,X,,X,delete,
./os2/OS2/REXX/DLL/,Changes,,,X,delete,X
./os2/OS2/REXX/DLL/,DLL.pm,,,X,delete,X
./os2/OS2/REXX/DLL/,DLL.xs,,,X,delete,X
./os2/OS2/REXX/DLL/,MANIFEST,,,X,delete,X
./os2/OS2/REXX/DLL/,Makefile.PL,,,X,delete,X
./os2/OS2/REXX/t/,rx_cmprt.t,X,,X,delete,
./os2/OS2/REXX/t/,rx_dllld.t,X,,X,delete,
./os2/OS2/REXX/t/,rx_emxrv.t,,,X,delete,X
./os2/OS2/REXX/t/,rx_objcall.t,X,,X,delete,
./os2/OS2/REXX/t/,rx_sql.test,X,,X,delete,
./os2/OS2/REXX/t/,rx_tiesql.test,X,,X,delete,
./os2/OS2/REXX/t/,rx_tievar.t,X,,X,delete,
./os2/OS2/REXX/t/,rx_tieydb.t,X,,X,delete,
./os2/OS2/REXX/t/,rx_varset.t,X,,X,delete,
./os2/OS2/REXX/t/,rx_vrexx.t,X,,X,delete,
./plan9/,aperl,X,,X,delete,
./plan9/,buildinfo,X,,X,delete,
./plan9/,config.plan9,X,,X,delete,
./plan9/,exclude,X,,X,delete,
./plan9/,fndvers,X,,X,delete,
./plan9/,genconfig.pl,X,,X,delete,
./plan9/,mkfile,X,,X,delete,
./plan9/,myconfig.plan9,X,,X,delete,
./plan9/,perlplan9.doc,X,,X,delete,
./plan9/,perlplan9.pod,X,,X,delete,
./plan9/,plan9.c,X,,X,delete,
./plan9/,plan9ish.h,X,,X,delete,
./plan9/,setup.rc,X,,X,delete,
./plan9/,versnum,X,,X,delete,
./plan9/arpa/,inet.h,X,,X,delete,
./pod/,Makefile,X,distrib,X,ignore,
./pod/,Makefile.SH,,,X,delete,X
./pod/,buildtoc,X,,X,delete,
./pod/,buildtoc.PL,,,X,delete,X
./pod/,checkpods.PL,X,distrib,X,delete,
./pod/,perl.pod,X,distrib,X,distrib,
./pod/,perl5004delta.pod,X,distrib,X,distrib,
./pod/,perl5005delta.pod,,,X,distrib,X
./pod/,perlaix.pod,,,X,delete,X
./pod/,perlamiga.pod,,,X,delete,X
./pod/,perlapi.pod,,,X,distrib,X
./pod/,perlapio.pod,X,distrib,X,distrib,
./pod/,perlbook.pod,X,distrib,X,distrib,
./pod/,perlboot.pod,,,X,distrib,X
./pod/,perlbot.pod,X,distrib,X,distrib,
./pod/,perlbs2000.pod,,,X,delete,X
./pod/,perlcall.pod,X,distrib,X,distrib,
./pod/,perlclib.pod,,,X,distrib,X
./pod/,perlcompile.pod,,,X,distrib,X
./pod/,perlcygwin.pod,,,X,delete,X
./pod/,perldata.pod,X,distrib,X,distrib,
./pod/,perldbmfilter.pod,,,X,distrib,X
./pod/,perldebguts.pod,,,X,distrib,X
./pod/,perldebtut.pod,,,X,distrib,X
./pod/,perldebug.pod,X,distrib,X,distrib,
./pod/,perldelta.pod,X,distrib,X,distrib,
./pod/,perldiag.pod,X,distrib,X,distrib,
./pod/,perldos.pod,,,X,delete,X
./pod/,perldsc.pod,X,distrib,X,distrib,
./pod/,perlebcdic.pod,,,X,distrib,X
./pod/,perlembed.pod,X,distrib,X,distrib,
./pod/,perlepoc.pod,,,X,delete,X
./pod/,perlfaq.pod,X,distrib,X,distrib,
./pod/,perlfaq1.pod,X,distrib,X,distrib,
./pod/,perlfaq2.pod,X,distrib,X,distrib,
./pod/,perlfaq3.pod,X,distrib,X,distrib,
./pod/,perlfaq4.pod,X,distrib,X,distrib,
./pod/,perlfaq5.pod,X,distrib,X,distrib,
./pod/,perlfaq6.pod,X,distrib,X,distrib,
./pod/,perlfaq7.pod,X,distrib,X,distrib,
./pod/,perlfaq8.pod,X,distrib,X,distrib,
./pod/,perlfaq9.pod,X,distrib,X,distrib,
./pod/,perlfilter.pod,,,X,distrib,X
./pod/,perlfork.pod,,,X,distrib,X
./pod/,perlform.pod,X,distrib,X,distrib,
./pod/,perlfunc.pod,X,distrib,X,distrib,
./pod/,perlguts.pod,X,distrib,X,distrib,
./pod/,perlhack.pod,,,X,distrib,X
./pod/,perlhist.pod,X,distrib,X,distrib,
./pod/,perlhpux.pod,,distrib,X,delete,X
./pod/,perlintern.pod,,,X,distrib,X
./pod/,perlipc.pod,X,distrib,X,distrib,
./pod/,perllexwarn.pod,,,X,distrib,X
./pod/,perllocale.pod,X,distrib,X,distrib,
./pod/,perllol.pod,X,distrib,X,distrib,
./pod/,perlmachten.pod,,,X,delete,X
./pod/,perlmacos.pod,,,X,delete,X
./pod/,perlmod.pod,X,distrib,X,distrib,
./pod/,perlmodinstall.pod,X,distrib,X,distrib,
./pod/,perlmodlib.PL,,,X,delete,X
./pod/,perlmodlib.pod,X,distrib,X,distrib,
./pod/,perlmpeix.pod,,,X,delete,X
./pod/,perlnewmod.pod,,,X,distrib,X
./pod/,perlnumber.pod,,,X,distrib,X
./pod/,perlobj.pod,X,distrib,X,distrib,
./pod/,perlop.pod,X,distrib,X,distrib,
./pod/,perlopentut.pod,X,distrib,X,distrib,
./pod/,perlos2.pod,,distrib,X,delete,X
./pod/,perlos390.pod,,distrib,X,delete,X
./pod/,perlpod.pod,X,distrib,X,distrib,
./pod/,perlport.pod,X,distrib,X,distrib,
./pod/,perlre.pod,X,distrib,X,distrib,
./pod/,perlref.pod,X,distrib,X,distrib,
./pod/,perlreftut.pod,X,distrib,X,distrib,
./pod/,perlrequick.pod,,,X,distrib,X
./pod/,perlretut.pod,,,X,distrib,X
./pod/,perlrun.pod,X,distrib,X,distrib,
./pod/,perlsec.pod,X,distrib,X,distrib,
./pod/,perlsolaris.pod,,,X,distrib,X
./pod/,perlstyle.pod,X,distrib,X,distrib,
./pod/,perlsub.pod,X,distrib,X,distrib,
./pod/,perlsyn.pod,X,distrib,X,distrib,
./pod/,perlthrtut.pod,X,distrib,X,distrib,
./pod/,perltie.pod,X,distrib,X,distrib,
./pod/,perltoc.pod,X,distrib,X,distrib,
./pod/,perltodo.pod,,,X,distrib,X
./pod/,perltoot.pod,X,distrib,X,distrib,
./pod/,perltootc.pod,,,X,distrib,X
./pod/,perltrap.pod,X,distrib,X,distrib,
./pod/,perlunicode.pod,,,X,distrib,X
./pod/,perlutil.pod,,,X,distrib,X
./pod/,perlvar.pod,X,distrib,X,distrib,
./pod/,perlvmeas.pod,,,X,delete,X
./pod/,perlvms.pod,,,X,delete,X
./pod/,perlvos.pod,,,X,delete,X
./pod/,perlwin32.pod,,,X,delete,X
./pod/,perlxs.pod,X,distrib,X,distrib,
./pod/,perlxstut.pod,X,distrib,X,distrib,
./pod/,pod2html,X,,X,delete,
./pod/,pod2html.PL,X,distrib,X,distrib,
./pod/,pod2latex,X,,X,delete,
./pod/,pod2latex.PL,X,distrib,X,distrib,
./pod/,pod2man,X,,X,delete,
./pod/,pod2man.PL,X,distrib,X,distrib,
./pod/,pod2text,X,,X,delete,
./pod/,pod2text.PL,X,distrib,X,distrib,
./pod/,pod2usage,,,X,delete,X
./pod/,pod2usage.PL,,,X,distrib,X
./pod/,podchecker,,,X,delete,X
./pod/,podchecker.PL,,,X,distrib,X
./pod/,podselect,,,X,delete,X
./pod/,podselect.PL,,,X,distrib,X
./pod/,roffitall,X,,X,delete,
./pod/,rofftoc,X,,X,delete,
./pod/,splitman,X,,X,delete,
./pod/,splitpod,X,,X,delete,
./qnx/,ar,X,,X,delete,
./qnx/,cpp,X,,X,delete,
./sparc/,Policy.sh,,arch,,delete,
./sparc/,config.h,,arch,,delete,
./sparc/,config.sh,,arch,,ignore,
./sparc/,installperl,,arch,,ignore,
./sparc/,writemain,,arch,,delete,
./t/,README,X,distrib,X,distrib,
./t/,TEST,X,distrib,X,distrib,
./t/,UTEST,,,X,distrib,X
./t/,_h2ph_pre.ph,X,,,delete,
./t/,harness,X,distrib,X,distrib,
./t/,rantests,,,X,delete,X
./t/base/,cond.t,X,distrib,X,distrib,
./t/base/,if.t,X,distrib,X,distrib,
./t/base/,lex.t,X,distrib,X,distrib,
./t/base/,pat.t,X,distrib,X,distrib,
./t/base/,rs.t,X,distrib,X,distrib,
./t/base/,term.t,X,distrib,X,distrib,
./t/cmd/,elsif.t,X,distrib,X,distrib,
./t/cmd/,for.t,X,distrib,X,distrib,
./t/cmd/,mod.t,X,distrib,X,distrib,
./t/cmd/,subval.t,X,distrib,X,distrib,
./t/cmd/,switch.t,X,distrib,X,distrib,
./t/cmd/,while.t,X,distrib,X,distrib,
./t/comp/,bproto.t,,,X,distrib,X
./t/comp/,cmdopt.t,X,distrib,X,distrib,
./t/comp/,colon.t,X,distrib,X,distrib,
./t/comp/,cpp.aux,X,distrib,X,distrib,
./t/comp/,cpp.t,X,distrib,X,distrib,
./t/comp/,decl.t,X,distrib,X,distrib,
./t/comp/,multiline.t,X,distrib,X,distrib,
./t/comp/,package.t,X,distrib,X,distrib,
./t/comp/,proto.t,X,distrib,X,distrib,
./t/comp/,redef.t,X,distrib,X,distrib,
./t/comp/,require.t,X,distrib,X,distrib,
./t/comp/,script.t,X,distrib,X,distrib,
./t/comp/,term.t,X,distrib,X,distrib,
./t/comp/,use.t,X,distrib,X,distrib,
./t/io/,argv.t,X,distrib,X,distrib,
./t/io/,dup.t,X,distrib,X,distrib,
./t/io/,fs.t,X,distrib,X,distrib,
./t/io/,inplace.t,X,distrib,X,distrib,
./t/io/,iprefix.t,X,distrib,X,distrib,
./t/io/,nargv.t,,,X,distrib,X
./t/io/,open.t,,,X,distrib,X
./t/io/,openpid.t,,,X,distrib,X
./t/io/,pipe.t,X,distrib,X,distrib,
./t/io/,print.t,X,distrib,X,distrib,
./t/io/,read.t,X,distrib,X,distrib,
./t/io/,tell.t,X,distrib,X,distrib,
./t/lib/,abbrev.t,X,distrib,X,distrib,
./t/lib/,ansicolor.t,,,X,distrib,X
./t/lib/,anydbm.t,X,distrib,X,distrib,
./t/lib/,attrs.t,,,X,distrib,X
./t/lib/,autoloader.t,X,distrib,X,distrib,
./t/lib/,b.t,,,X,distrib,X
./t/lib/,basename.t,X,distrib,X,distrib,
./t/lib/,bigfloat.t,,,X,distrib,X
./t/lib/,bigfltpm.t,,,X,distrib,X
./t/lib/,bigint.t,X,distrib,X,distrib,
./t/lib/,bigintpm.t,X,distrib,X,distrib,
./t/lib/,cgi-esc.t,,,X,distrib,X
./t/lib/,cgi-form.t,X,distrib,X,distrib,
./t/lib/,cgi-function.t,X,distrib,X,distrib,
./t/lib/,cgi-html.t,X,distrib,X,distrib,
./t/lib/,cgi-pretty.t,,,X,distrib,X
./t/lib/,cgi-request.t,X,distrib,X,distrib,
./t/lib/,charnames.t,,,X,distrib,X
./t/lib/,checktree.t,X,distrib,X,distrib,
./t/lib/,class-struct.t,,,X,distrib,X
./t/lib/,complex.t,X,distrib,X,distrib,
./t/lib/,db-btree.t,X,distrib,X,distrib,
./t/lib/,db-hash.t,X,distrib,X,distrib,
./t/lib/,db-recno.t,X,distrib,X,distrib,
./t/lib/,dirhand.t,X,distrib,X,distrib,
./t/lib/,dosglob.t,X,distrib,X,distrib,
./t/lib/,dprof.t,,,X,distrib,X
./t/lib/,dumper-ovl.t,X,distrib,X,distrib,
./t/lib/,dumper.t,X,distrib,X,distrib,
./t/lib/,english.t,X,distrib,X,distrib,
./t/lib/,env-array.t,,,X,distrib,X
./t/lib/,env.t,X,distrib,X,distrib,
./t/lib/,errno.t,X,distrib,X,distrib,
./t/lib/,fatal.t,X,distrib,X,distrib,
./t/lib/,fields.t,X,distrib,X,distrib,
./t/lib/,filecache.t,X,distrib,X,distrib,
./t/lib/,filecopy.t,X,distrib,X,distrib,
./t/lib/,filefind.t,X,distrib,X,distrib,
./t/lib/,filefunc.t,,,X,distrib,X
./t/lib/,filehand.t,X,distrib,X,distrib,
./t/lib/,filepath.t,X,distrib,X,distrib,
./t/lib/,filespec.t,X,distrib,X,distrib,
./t/lib/,findbin.t,X,distrib,X,distrib,
./t/lib/,ftmp-mktemp.t,,,X,distrib,X
./t/lib/,ftmp-posix.t,,,X,distrib,X
./t/lib/,ftmp-security.t,,,X,distrib,X
./t/lib/,ftmp-tempfile.t,,,X,distrib,X
./t/lib/,gdbm.t,X,distrib,X,distrib,
./t/lib/,getopt.t,X,distrib,X,distrib,
./t/lib/,glob-basic.t,,,X,distrib,X
./t/lib/,glob-case.t,,,X,distrib,X
./t/lib/,glob-global.t,,,X,distrib,X
./t/lib/,glob-taint.t,,,X,distrib,X
./t/lib/,gol-basic.t,,,X,distrib,X
./t/lib/,gol-compat.t,,,X,distrib,X
./t/lib/,gol-linkage.t,,,X,distrib,X
./t/lib/,gol-oo.t,,,X,distrib,X
./t/lib/,h2ph.h,X,distrib,X,distrib,
./t/lib/,h2ph.pht,X,distrib,X,distrib,
./t/lib/,h2ph.t,X,distrib,X,distrib,
./t/lib/,hostname.t,X,distrib,X,distrib,
./t/lib/,io_const.t,,,X,distrib,X
./t/lib/,io_dir.t,,,X,distrib,X
./t/lib/,io_dup.t,X,distrib,X,distrib,
./t/lib/,io_linenum.t,,,X,distrib,X
./t/lib/,io_multihomed.t,,,X,distrib,X
./t/lib/,io_pipe.t,X,distrib,X,distrib,
./t/lib/,io_poll.t,,,X,distrib,X
./t/lib/,io_sel.t,X,distrib,X,distrib,
./t/lib/,io_sock.t,X,distrib,X,distrib,
./t/lib/,io_taint.t,X,distrib,X,distrib,
./t/lib/,io_tell.t,X,distrib,X,distrib,
./t/lib/,io_udp.t,X,distrib,X,distrib,
./t/lib/,io_unix.t,,,X,distrib,X
./t/lib/,io_xs.t,X,distrib,X,distrib,
./t/lib/,ipc_sysv.t,X,distrib,X,distrib,
./t/lib/,ndbm.t,X,distrib,X,distrib,
./t/lib/,odbm.t,X,distrib,X,distrib,
./t/lib/,opcode.t,X,distrib,X,distrib,
./t/lib/,open2.t,X,distrib,X,distrib,
./t/lib/,open3.t,X,distrib,X,distrib,
./t/lib/,ops.t,X,distrib,X,distrib,
./t/lib/,parsewords.t,X,distrib,X,distrib,
./t/lib/,peek.t,,,X,distrib,X
./t/lib/,ph.t,X,distrib,X,distrib,
./t/lib/,posix.t,X,distrib,X,distrib,
./t/lib/,safe1.t,X,distrib,X,distrib,
./t/lib/,safe2.t,X,distrib,X,distrib,
./t/lib/,sdbm.t,X,distrib,X,distrib,
./t/lib/,searchdict.t,X,distrib,X,distrib,
./t/lib/,selectsaver.t,X,distrib,X,distrib,
./t/lib/,selfloader.t,,,X,distrib,X
./t/lib/,socket.t,X,distrib,X,distrib,
./t/lib/,soundex.t,X,distrib,X,distrib,
./t/lib/,symbol.t,X,distrib,X,distrib,
./t/lib/,syslfs.t,,,X,distrib,X
./t/lib/,syslog.t,,,X,distrib,X
./t/lib/,textfill.t,X,distrib,X,distrib,
./t/lib/,texttabs.t,X,distrib,X,distrib,
./t/lib/,textwrap.t,X,distrib,X,distrib,
./t/lib/,thr5005.t,,,X,distrib,X
./t/lib/,thread.t,X,distrib,,delete,
./t/lib/,tie-push.t,X,distrib,X,distrib,
./t/lib/,tie-refhash.t,,,X,distrib,X
./t/lib/,tie-splice.t,,,X,distrib,X
./t/lib/,tie-stdarray.t,X,distrib,X,distrib,
./t/lib/,tie-stdhandle.t,,,X,distrib,X
./t/lib/,tie-stdpush.t,X,distrib,X,distrib,
./t/lib/,tie-substrhash.t,,,X,distrib,X
./t/lib/,timelocal.t,X,distrib,X,distrib,
./t/lib/,trig.t,X,distrib,X,distrib,
./t/lib/dprof/,V.pm,,,X,distrib,X
./t/lib/dprof/,test1_t,,,X,distrib,X
./t/lib/dprof/,test1_v,,,X,distrib,X
./t/lib/dprof/,test2_t,,,X,distrib,X
./t/lib/dprof/,test2_v,,,X,distrib,X
./t/lib/dprof/,test3_t,,,X,distrib,X
./t/lib/dprof/,test3_v,,,X,distrib,X
./t/lib/dprof/,test4_t,,,X,distrib,X
./t/lib/dprof/,test4_v,,,X,distrib,X
./t/lib/dprof/,test5_t,,,X,distrib,X
./t/lib/dprof/,test5_v,,,X,distrib,X
./t/lib/dprof/,test6_t,,,X,distrib,X
./t/lib/dprof/,test6_v,,,X,distrib,X
./t/op/,64bitint.t,,,X,distrib,X
./t/op/,anonsub.t,,,X,distrib,X
./t/op/,append.t,X,distrib,X,distrib,
./t/op/,args.t,,,X,distrib,X
./t/op/,arith.t,X,distrib,X,distrib,
./t/op/,array.t,X,distrib,X,distrib,
./t/op/,assignwarn.t,X,distrib,X,distrib,
./t/op/,attrs.t,,,X,distrib,X
./t/op/,auto.t,X,distrib,X,distrib,
./t/op/,avhv.t,X,distrib,X,distrib,
./t/op/,bop.t,X,distrib,X,distrib,
./t/op/,chars.t,,,X,distrib,X
./t/op/,chop.t,X,distrib,X,distrib,
./t/op/,closure.t,X,distrib,X,distrib,
./t/op/,cmp.t,X,distrib,X,distrib,
./t/op/,concat.t,,,X,distrib,X
./t/op/,cond.t,X,distrib,X,distrib,
./t/op/,context.t,X,distrib,X,distrib,
./t/op/,defins.t,X,distrib,X,distrib,
./t/op/,delete.t,X,distrib,X,distrib,
./t/op/,die.t,X,distrib,X,distrib,
./t/op/,die_exit.t,X,distrib,X,distrib,
./t/op/,do.t,X,distrib,X,distrib,
./t/op/,each.t,X,distrib,X,distrib,
./t/op/,eval.t,X,distrib,X,distrib,
./t/op/,exec.t,X,distrib,X,distrib,
./t/op/,exists_sub.t,,,X,distrib,X
./t/op/,exp.t,X,distrib,X,distrib,
./t/op/,fh.t,,,X,distrib,X
./t/op/,filetest.t,,,X,distrib,X
./t/op/,flip.t,X,distrib,X,distrib,
./t/op/,fork.t,X,distrib,X,distrib,
./t/op/,glob.t,X,distrib,X,distrib,
./t/op/,goto.t,X,distrib,X,distrib,
./t/op/,goto_xs.t,X,distrib,X,distrib,
./t/op/,grent.t,,,X,distrib,X
./t/op/,grep.t,X,distrib,X,distrib,
./t/op/,groups.t,X,distrib,X,distrib,
./t/op/,gv.t,X,distrib,X,distrib,
./t/op/,hashwarn.t,X,distrib,X,distrib,
./t/op/,inc.t,X,distrib,X,distrib,
./t/op/,index.t,X,distrib,X,distrib,
./t/op/,int.t,X,distrib,X,distrib,
./t/op/,join.t,X,distrib,X,distrib,
./t/op/,length.t,,,X,distrib,X
./t/op/,lex_assign.t,,,X,distrib,X
./t/op/,lfs.t,,,X,distrib,X
./t/op/,list.t,X,distrib,X,distrib,
./t/op/,local.t,X,distrib,X,distrib,
./t/op/,lop.t,,,X,distrib,X
./t/op/,magic.t,X,distrib,X,distrib,
./t/op/,method.t,X,distrib,X,distrib,
./t/op/,misc.t,X,distrib,X,distrib,
./t/op/,mkdir.t,X,distrib,X,distrib,
./t/op/,my.t,X,distrib,X,distrib,
./t/op/,my_stash.t,,,X,distrib,X
./t/op/,nothr5005.t,,,X,distrib,X
./t/op/,nothread.t,X,distrib,,delete,
./t/op/,numconvert.t,,,X,distrib,X
./t/op/,oct.t,X,distrib,X,distrib,
./t/op/,ord.t,X,distrib,X,distrib,
./t/op/,pack.t,X,distrib,X,distrib,
./t/op/,pat.t,X,distrib,X,distrib,
./t/op/,pos.t,X,distrib,X,distrib,
./t/op/,push.t,X,distrib,X,distrib,
./t/op/,pwent.t,,,X,distrib,X
./t/op/,quotemeta.t,X,distrib,X,distrib,
./t/op/,rand.t,X,distrib,X,distrib,
./t/op/,range.t,X,distrib,X,distrib,
./t/op/,re_tests,X,distrib,X,distrib,
./t/op/,read.t,X,distrib,X,distrib,
./t/op/,readdir.t,X,distrib,X,distrib,
./t/op/,recurse.t,X,distrib,X,distrib,
./t/op/,ref.t,X,distrib,X,distrib,
./t/op/,regexp.t,X,distrib,X,distrib,
./t/op/,regexp_noamp.t,X,distrib,X,distrib,
./t/op/,regmesg.t,,,X,distrib,X
./t/op/,repeat.t,X,distrib,X,distrib,
./t/op/,reverse.t,,,X,distrib,X
./t/op/,runlevel.t,X,distrib,X,distrib,
./t/op/,sleep.t,X,distrib,X,distrib,
./t/op/,sort.t,X,distrib,X,distrib,
./t/op/,splice.t,X,distrib,X,distrib,
./t/op/,split.t,X,distrib,X,distrib,
./t/op/,sprintf.t,X,distrib,X,distrib,
./t/op/,stat.t,X,distrib,X,distrib,
./t/op/,study.t,X,distrib,X,distrib,
./t/op/,subst.t,X,distrib,X,distrib,
./t/op/,subst_amp.t,,,X,distrib,X
./t/op/,subst_wamp.t,,,X,distrib,X
./t/op/,substr.t,X,distrib,X,distrib,
./t/op/,sysio.t,X,distrib,X,distrib,
./t/op/,taint.t,X,distrib,X,distrib,
./t/op/,tie.t,X,distrib,X,distrib,
./t/op/,tiearray.t,X,distrib,X,distrib,
./t/op/,tiehandle.t,X,distrib,X,distrib,
./t/op/,time.t,X,distrib,X,distrib,
./t/op/,tr.t,X,distrib,X,distrib,
./t/op/,undef.t,X,distrib,X,distrib,
./t/op/,universal.t,X,distrib,X,distrib,
./t/op/,unshift.t,X,distrib,X,distrib,
./t/op/,utf8decode.t,,,X,distrib,X
./t/op/,vec.t,X,distrib,X,distrib,
./t/op/,ver.t,,,X,distrib,X
./t/op/,wantarray.t,X,distrib,X,distrib,
./t/op/,write.t,X,distrib,X,distrib,
./t/pod/,emptycmd.t,,,X,distrib,X
./t/pod/,emptycmd.xr,,,X,distrib,X
./t/pod/,find.t,,,X,distrib,X
./t/pod/,for.t,,,X,distrib,X
./t/pod/,for.xr,,,X,distrib,X
./t/pod/,headings.t,,,X,distrib,X
./t/pod/,headings.xr,,,X,distrib,X
./t/pod/,include.t,,,X,distrib,X
./t/pod/,include.xr,,,X,distrib,X
./t/pod/,included.t,,,X,distrib,X
./t/pod/,included.xr,,,X,distrib,X
./t/pod/,lref.t,,,X,distrib,X
./t/pod/,lref.xr,,,X,distrib,X
./t/pod/,multiline_items.t,,,X,distrib,X
./t/pod/,multiline_items.xr,,,X,distrib,X
./t/pod/,nested_items.t,,,X,distrib,X
./t/pod/,nested_items.xr,,,X,distrib,X
./t/pod/,nested_seqs.t,,,X,distrib,X
./t/pod/,nested_seqs.xr,,,X,distrib,X
./t/pod/,oneline_cmds.t,,,X,distrib,X
./t/pod/,oneline_cmds.xr,,,X,distrib,X
./t/pod/,pod2usage.t,,,X,distrib,X
./t/pod/,pod2usage.xr,,,X,distrib,X
./t/pod/,poderrs.t,,,X,distrib,X
./t/pod/,poderrs.xr,,,X,distrib,X
./t/pod/,podselect.t,,,X,distrib,X
./t/pod/,podselect.xr,,,X,distrib,X
./t/pod/,special_seqs.t,,,X,distrib,X
./t/pod/,special_seqs.xr,,,X,distrib,X
./t/pod/,testcmp.pl,,,X,distrib,X
./t/pod/,testp2pt.pl,,,X,distrib,X
./t/pod/,testpchk.pl,,,X,distrib,X
./t/pragma/,constant.t,X,distrib,X,distrib,
./t/pragma/,diagnostics.t,,,X,distrib,X
./t/pragma/,locale.t,X,distrib,X,distrib,
./t/pragma/,overload.t,X,distrib,X,distrib,
./t/pragma/,strict-refs,X,distrib,X,distrib,
./t/pragma/,strict-subs,X,distrib,X,distrib,
./t/pragma/,strict-vars,X,distrib,X,distrib,
./t/pragma/,strict.t,X,distrib,X,distrib,
./t/pragma/,sub_lval.t,,,X,distrib,X
./t/pragma/,subs.t,X,distrib,X,distrib,
./t/pragma/,utf8.t,,,X,distrib,X
./t/pragma/,warn-1global,X,distrib,,delete,
./t/pragma/,warning.t,X,distrib,,delete,
./t/pragma/,warnings.t,,,X,distrib,X
./t/pragma/locale/,latin1,,,X,distrib,X
./t/pragma/locale/,utf8,,,X,distrib,X
./t/pragma/warn/,1global,,,X,distrib,X
./t/pragma/warn/,2use,,,X,distrib,X
./t/pragma/warn/,3both,,,X,distrib,X
./t/pragma/warn/,4lint,,,X,distrib,X
./t/pragma/warn/,5nolint,,,X,distrib,X
./t/pragma/warn/,6default,,,X,distrib,X
./t/pragma/warn/,7fatal,,,X,distrib,X
./t/pragma/warn/,8signal,,,X,distrib,X
./t/pragma/warn/,9enabled,,,X,distrib,X
./t/pragma/warn/,av,,,X,distrib,X
./t/pragma/warn/,doio,,,X,distrib,X
./t/pragma/warn/,doop,,,X,distrib,X
./t/pragma/warn/,gv,,,X,distrib,X
./t/pragma/warn/,hv,,,X,distrib,X
./t/pragma/warn/,malloc,,,X,distrib,X
./t/pragma/warn/,mg,,,X,distrib,X
./t/pragma/warn/,op,,,X,distrib,X
./t/pragma/warn/,perl,,,X,distrib,X
./t/pragma/warn/,perlio,,,X,distrib,X
./t/pragma/warn/,perly,,,X,distrib,X
./t/pragma/warn/,pp,,,X,distrib,X
./t/pragma/warn/,pp_ctl,,,X,distrib,X
./t/pragma/warn/,pp_hot,,,X,distrib,X
./t/pragma/warn/,pp_sys,,,X,distrib,X
./t/pragma/warn/,regcomp,,,X,distrib,X
./t/pragma/warn/,regexec,,,X,distrib,X
./t/pragma/warn/,run,,,X,distrib,X
./t/pragma/warn/,sv,,,X,distrib,X
./t/pragma/warn/,taint,,,X,distrib,X
./t/pragma/warn/,toke,,,X,distrib,X
./t/pragma/warn/,universal,,,X,distrib,X
./t/pragma/warn/,utf8,,,X,distrib,X
./t/pragma/warn/,util,,,X,distrib,X
./t/run/,runenv.t,,,X,distrib,X
./utils/,Makefile,X,distrib,X,ignore,
./utils/,c2ph,X,,X,delete,
./utils/,c2ph.PL,X,distrib,X,distrib,
./utils/,dprofpp,,,X,delete,X
./utils/,dprofpp.PL,,,X,distrib,X
./utils/,h2ph,X,,X,delete,
./utils/,h2ph.PL,X,distrib,X,distrib,
./utils/,h2xs,X,,X,delete,
./utils/,h2xs.PL,X,distrib,X,distrib,
./utils/,perlbug,X,,X,delete,
./utils/,perlbug.PL,X,distrib,X,distrib,
./utils/,perlcc,X,,X,delete,
./utils/,perlcc.PL,X,distrib,X,distrib,
./utils/,perldoc,X,,X,delete,
./utils/,perldoc.PL,X,distrib,X,distrib,
./utils/,pl2pm,X,,X,delete,
./utils/,pl2pm.PL,X,distrib,X,distrib,
./utils/,pstruct,X,,X,delete,
./utils/,splain,X,,X,delete,
./utils/,splain.PL,X,distrib,X,distrib,
./vmesa/,Makefile,,,X,delete,X
./vmesa/,vmesa.c,,,X,delete,X
./vmesa/,vmesaish.h,,,X,delete,X
./vms/,descrip_mms.template,X,,X,delete,
./vms/,gen_shrfls.pl,X,,X,delete,
./vms/,genconfig.pl,X,,X,delete,
./vms/,genopt.com,X,,X,delete,
./vms/,make_command.com,X,,X,delete,
./vms/,mms2make.pl,X,,X,delete,
./vms/,munchconfig.c,X,,X,delete,
./vms/,myconfig.com,X,,X,delete,
./vms/,perlvms.pod,X,,X,delete,
./vms/,perly_c.vms,X,,X,delete,
./vms/,perly_h.vms,X,,X,delete,
./vms/,sockadapt.c,X,,X,delete,
./vms/,sockadapt.h,X,,X,delete,
./vms/,subconfigure.com,X,,,delete,
./vms/,test.com,X,,X,delete,
./vms/,vms.c,X,,X,delete,
./vms/,vms_yfix.pl,X,,X,delete,
./vms/,vmsish.h,X,,X,delete,
./vms/,vmspipe.com,,,X,delete,X
./vms/,writemain.pl,X,,X,delete,
./vms/ext/,Filespec.pm,X,,X,delete,
./vms/ext/,XSSymSet.pm,X,,X,delete,
./vms/ext/,filespec.t,X,,X,delete,
./vms/ext/,vmsish.pm,X,,X,delete,
./vms/ext/,vmsish.t,X,,X,delete,
./vms/ext/DCLsym/,0README.txt,X,,X,delete,
./vms/ext/DCLsym/,DCLsym.pm,X,,X,delete,
./vms/ext/DCLsym/,DCLsym.xs,X,,X,delete,
./vms/ext/DCLsym/,Makefile.PL,X,,X,delete,
./vms/ext/DCLsym/,test.pl,X,,X,delete,
./vms/ext/Stdio/,0README.txt,X,,X,delete,
./vms/ext/Stdio/,Makefile.PL,X,,X,delete,
./vms/ext/Stdio/,Stdio.pm,X,,X,delete,
./vms/ext/Stdio/,Stdio.xs,X,,X,delete,
./vms/ext/Stdio/,test.pl,X,,X,delete,
./vos/,Changes,X,,X,delete,
./vos/,build.cm,X,,X,delete,
./vos/,compile_perl.cm,X,,X,delete,
./vos/,config.alpha.def,,,X,delete,X
./vos/,config.alpha.h,,,X,delete,X
./vos/,config.ga.def,,,X,delete,X
./vos/,config.ga.h,,,X,delete,X
./vos/,config.h,X,,,delete,
./vos/,config.pl,,,X,delete,X
./vos/,config_h.SH_orig,X,,,delete,
./vos/,configure_perl.cm,,,X,delete,X
./vos/,install_perl.cm,,,X,delete,X
./vos/,perl.bind,X,,X,delete,
./vos/,test_vos_dummies.c,X,,X,delete,
./vos/,vos_accept.c,X,,,delete,
./vos/,vos_dummies.c,X,,X,delete,
./vos/,vosish.h,X,,X,delete,
./win32/,GenCAPI.pl,X,,,delete,
./win32/,Makefile,X,,X,delete,
./win32/,TEST,X,,,delete,
./win32/,autosplit.pl,X,,,delete,
./win32/,config.bc,X,,X,delete,
./win32/,config.gc,X,,X,delete,
./win32/,config.vc,X,,X,delete,
./win32/,config_H.bc,X,,X,delete,
./win32/,config_H.gc,X,,X,delete,
./win32/,config_H.vc,X,,X,delete,
./win32/,config_h.PL,X,,X,delete,
./win32/,config_sh.PL,X,,X,delete,
./win32/,des_fcrypt.patch,X,,X,delete,
./win32/,dl_win32.xs,X,,X,delete,
./win32/,genmk95.pl,,,X,delete,X
./win32/,genxsdef.pl,X,,,delete,
./win32/,makedef.pl,X,,,delete,
./win32/,makefile.mk,X,,X,delete,
./win32/,makemain.pl,X,,,delete,
./win32/,makeperldef.pl,X,,,delete,
./win32/,perlglob.c,X,,X,delete,
./win32/,perlhost.h,X,,X,delete,
./win32/,perllib.c,X,,X,delete,
./win32/,pod.mak,X,,X,delete,
./win32/,runperl.c,X,,X,delete,
./win32/,sncfnmcs.pl,,,X,delete,X
./win32/,splittree.pl,X,,X,delete,
./win32/,vdir.h,,,X,delete,X
./win32/,vmem.h,,,X,delete,X
./win32/,win32.c,X,,X,delete,
./win32/,win32.h,X,,X,delete,
./win32/,win32iop.h,X,,X,delete,
./win32/,win32sck.c,X,,X,delete,
./win32/,win32thread.c,X,,X,delete,
./win32/,win32thread.h,X,,X,delete,
./win32/bin/,exetype.pl,,,X,delete,X
./win32/bin/,network.pl,X,,,delete,
./win32/bin/,perlglob.pl,X,,X,delete,
./win32/bin/,pl2bat.pl,X,,X,delete,
./win32/bin/,runperl.pl,X,,X,delete,
./win32/bin/,search.pl,X,,X,delete,
./win32/bin/,webget.pl,X,,,delete
./win32/bin/,www.pl,X,,,delete
./win32/include/,dirent.h,X,,X,delete
./win32/include/,netdb.h,X,,X,delete
./win32/include/arpa/,inet.h,X,,X,delete
./win32/include/sys/,socket.h,X,,X,delete
./x2p/,EXTERN.h,X,distrib,X,distrib
./x2p/,INTERN.h,X,distrib,X,distrib
./x2p/,Makefile,X,distrib,X,ignore
./x2p/,Makefile.SH,X,,X,delete
./x2p/,a2p,X,,X,delete
./x2p/,a2p.c,X,distrib,X,distrib
./x2p/,a2p.h,X,distrib,X,distrib
./x2p/,a2p.pod,X,distrib,X,distrib
./x2p/,a2p.y,X,distrib,X,distrib
./x2p/,a2py.c,X,distrib,X,distrib
./x2p/,cflags,X,,X,delete
./x2p/,cflags.SH,X,,X,delete
./x2p/,find2perl,X,,X,delete
./x2p/,find2perl.PL,X,distrib,X,distrib
./x2p/,hash.c,X,distrib,X,distrib
./x2p/,hash.h,X,distrib,X,distrib
./x2p/,makefile,X,,X,delete
./x2p/,makefile.old,X,,X,delete
./x2p/,proto.h,X,distrib,X,distrib
./x2p/,s2p,X,,X,delete
./x2p/,s2p.PL,X,distrib,X,distrib
./x2p/,str.c,X,distrib,X,distrib
./x2p/,str.h,X,distrib,X,distrib
./x2p/,util.c,X,distrib,X,distrib
./x2p/,util.h,X,distrib,X,distrib
./x2p/,walk.c,X,distrib,X,distrib
